Typ,ID,Time,Temp,lon,lat,altitude
Bicycle,1,2019-06-26 22:02:40,27.58,7.434741,46.95286,589
Bicycle,1,2019-06-26 22:02:50,27.58,7.434741,46.95286,589
Bicycle,1,2019-06-26 22:03:00,27.58,7.434741,46.95285,589
Bicycle,1,2019-06-26 22:03:10,27.58,7.434741,46.95285,589
Bicycle,1,2019-06-26 22:03:20,27.58,7.434739,46.95285,589
Bicycle,1,2019-06-26 22:03:30,27.58,7.434741,46.95285,589
Bicycle,1,2019-06-26 22:04:50,27.51,7.434738,46.95285,589
Bicycle,1,2019-06-26 22:05:00,27.51,7.434736,46.95285,589
Bicycle,1,2019-06-26 22:05:10,27.5,7.434736,46.95285,589
Bicycle,1,2019-06-26 22:05:20,27.46,7.434736,46.95285,589
Bicycle,1,2019-06-26 22:06:40,27.45,7.434731,46.95285,589
Bicycle,1,2019-06-26 22:06:50,27.45,7.43473,46.95285,589
Bicycle,1,2019-06-26 22:07:00,27.45,7.434728,46.95285,589
Bicycle,1,2019-06-26 22:07:10,27.45,7.434726,46.95285,589
Bicycle,1,2019-06-26 22:07:20,27.45,7.434726,46.95285,589
Bicycle,1,2019-06-26 22:07:30,27.45,7.434724,46.95285,589
Bicycle,1,2019-06-26 22:07:40,27.45,7.434724,46.95285,589
Bicycle,1,2019-06-26 22:07:50,27.44,7.434724,46.95285,589
Bicycle,1,2019-06-26 22:08:00,27.43,7.434724,46.95285,589
Bicycle,1,2019-06-26 22:08:10,27.42,7.434724,46.95285,589
Bicycle,1,2019-06-26 22:08:20,27.45,7.434726,46.95285,589
Bicycle,1,2019-06-26 22:08:30,27.43,7.434726,46.95285,589
Bicycle,1,2019-06-26 22:08:40,27.43,7.434724,46.95285,589
Bicycle,1,2019-06-26 22:08:50,27.4,7.434726,46.95285,589
Bicycle,1,2019-06-26 22:09:20,27.38,7.434726,46.95285,589
Bicycle,1,2019-06-26 22:09:30,27.38,7.434726,46.95285,589
Bicycle,1,2019-06-26 22:09:40,27.38,7.434726,46.95285,589
Bicycle,1,2019-06-26 22:09:50,27.38,7.434726,46.95285,589
Bicycle,1,2019-06-26 22:10:00,27.38,7.434728,46.95285,589
Bicycle,1,2019-06-26 22:10:10,27.38,7.43473,46.95285,589
Bicycle,1,2019-06-26 22:10:20,27.38,7.43473,46.95285,589
Bicycle,1,2019-06-26 22:25:40,27.05,7.43457,46.9528,596
Bicycle,1,2019-06-26 22:25:50,27.05,7.434574,46.9528,598
Bicycle,1,2019-06-26 22:26:00,27.05,7.434595,46.9528,598
Bicycle,1,2019-06-26 22:26:10,27.05,7.434609,46.95281,598
Bicycle,1,2019-06-26 22:26:20,27.04,7.434616,46.95281,598
Bicycle,1,2019-06-26 22:26:30,27.04,7.434623,46.95282,598
Bicycle,1,2019-06-26 22:26:40,27.05,7.434623,46.95282,598
Bicycle,1,2019-06-26 22:26:50,27.03,7.434624,46.95282,598
Bicycle,1,2019-06-26 22:27:00,27.03,7.434651,46.95283,595
Bicycle,1,2019-06-26 22:27:10,27.03,7.434641,46.95283,593
Bicycle,1,2019-06-26 22:27:20,27.04,7.434618,46.95285,591
Bicycle,1,2019-06-26 22:28:30,27.05,7.434743,46.95305,593
Bicycle,1,2019-06-26 22:28:40,27.05,7.434758,46.95306,593
Bicycle,1,2019-06-26 22:28:50,27.05,7.43479,46.95301,593
Bicycle,1,2019-06-26 22:29:00,27.05,7.434811,46.95298,592
Bicycle,1,2019-06-26 22:29:10,27.05,7.43482,46.95297,592
Bicycle,1,2019-06-26 22:29:20,27.05,7.434816,46.95297,592
Bicycle,1,2019-06-26 22:29:30,27.05,7.434781,46.95296,593
Bicycle,1,2019-06-26 22:29:40,27.07,7.43473,46.95293,592
Bicycle,1,2019-06-26 22:29:50,27.08,7.434735,46.95297,592
Bicycle,1,2019-06-26 22:30:00,27.11,7.435244,46.95297,564
Bicycle,1,2019-06-26 22:30:10,27.11,7.435478,46.95295,565
Bicycle,1,2019-06-26 22:30:20,27.17,7.43574,46.95318,571
Bicycle,1,2019-06-26 22:30:30,27.21,7.436056,46.95345,575
Bicycle,1,2019-06-26 22:30:40,27.25,7.436408,46.95378,578
Bicycle,1,2019-06-26 22:30:50,27.31,7.436759,46.95401,578
Bicycle,1,2019-06-26 22:31:00,27.31,7.437301,46.95427,579
Bicycle,1,2019-06-26 22:31:10,27.31,7.437993,46.95458,579
Bicycle,1,2019-06-26 22:31:20,27.38,7.438518,46.95493,576
Bicycle,1,2019-06-26 22:31:30,27.38,7.438538,46.95531,573
Bicycle,1,2019-06-26 22:31:40,27.38,7.438083,46.95517,575
Bicycle,1,2019-06-26 22:31:50,27.41,7.437563,46.95498,578
Bicycle,1,2019-06-26 22:32:00,27.45,7.437098,46.95504,578
Bicycle,1,2019-06-26 22:32:10,27.45,7.436785,46.9554,578
Bicycle,1,2019-06-26 22:32:20,27.41,7.436406,46.9558,581
Bicycle,1,2019-06-26 22:32:30,27.38,7.435965,46.95621,582
Bicycle,1,2019-06-26 22:32:40,27.44,7.435556,46.95662,584
Bicycle,1,2019-06-26 22:32:50,27.45,7.435168,46.95697,585
Bicycle,1,2019-06-26 22:33:00,27.45,7.434756,46.95727,583
Bicycle,1,2019-06-26 22:33:10,27.45,7.434343,46.95763,585
Bicycle,1,2019-06-26 22:33:20,27.45,7.434473,46.95791,585
Bicycle,1,2019-06-26 22:33:30,27.49,7.434873,46.95818,587
Bicycle,1,2019-06-26 22:33:40,27.52,7.435396,46.95841,583
Bicycle,1,2019-06-26 22:33:50,27.52,7.435918,46.95873,580
Bicycle,1,2019-06-26 22:34:00,27.52,7.435755,46.95911,578
Bicycle,1,2019-06-26 22:34:10,27.45,7.435471,46.95947,576
Bicycle,1,2019-06-26 22:34:20,27.38,7.435169,46.95979,574
Bicycle,1,2019-06-26 22:34:30,27.31,7.434829,46.96011,572
Bicycle,1,2019-06-26 22:34:40,27.22,7.434529,46.96046,570
Bicycle,1,2019-06-26 22:34:50,27.12,7.434249,46.96073,571
Bicycle,1,2019-06-26 22:35:00,27.01,7.433954,46.96102,571
Bicycle,1,2019-06-26 22:35:10,26.87,7.43363,46.9613,572
Bicycle,1,2019-06-26 22:35:20,26.78,7.433334,46.96159,573
Bicycle,1,2019-06-26 22:35:30,26.71,7.433076,46.96185,574
Bicycle,1,2019-06-26 22:35:40,26.71,7.432816,46.96212,578
Bicycle,1,2019-06-26 22:35:50,26.71,7.432556,46.96236,580
Bicycle,1,2019-06-26 22:36:00,26.72,7.432291,46.96262,580
Bicycle,1,2019-06-26 22:36:10,26.71,7.432604,46.96254,578
Bicycle,1,2019-06-26 22:36:20,26.69,7.433029,46.96239,580
Bicycle,1,2019-06-26 22:36:30,26.63,7.433423,46.96228,583
Bicycle,1,2019-06-26 22:36:40,26.58,7.433841,46.96224,585
Bicycle,1,2019-06-26 22:36:50,26.61,7.434196,46.96235,589
Bicycle,1,2019-06-26 22:37:00,26.65,7.434564,46.96243,591
Bicycle,1,2019-06-26 22:37:10,26.7,7.435184,46.96253,593
Bicycle,1,2019-06-26 22:37:20,26.71,7.435629,46.96238,593
Bicycle,1,2019-06-26 22:37:30,26.71,7.436284,46.96222,583
Bicycle,1,2019-06-26 22:37:40,26.67,7.436459,46.96219,580
Bicycle,1,2019-06-26 22:37:50,26.62,7.436143,46.96228,579
Bicycle,1,2019-06-26 22:38:00,26.54,7.435843,46.96245,579
Bicycle,1,2019-06-26 22:38:10,26.51,7.436031,46.96279,579
Bicycle,1,2019-06-26 22:38:20,26.45,7.436254,46.96319,577
Bicycle,1,2019-06-26 22:38:30,26.39,7.436473,46.96359,575
Bicycle,1,2019-06-26 22:38:40,26.39,7.436671,46.96395,574
Bicycle,1,2019-06-26 22:38:50,26.44,7.436874,46.96434,572
Bicycle,1,2019-06-26 22:39:00,26.49,7.43702,46.96473,574
Bicycle,1,2019-06-26 22:39:10,26.51,7.437153,46.96508,578
Bicycle,1,2019-06-26 22:39:20,26.51,7.43729,46.96544,585
Bicycle,1,2019-06-26 22:39:30,26.57,7.437378,46.96568,587
Bicycle,1,2019-06-26 22:39:40,26.63,7.437458,46.96595,588
Bicycle,1,2019-06-26 22:39:50,26.62,7.437643,46.96622,590
Bicycle,1,2019-06-26 22:40:00,26.56,7.438223,46.96637,586
Bicycle,1,2019-06-26 22:40:10,26.45,7.438979,46.9665,581
Bicycle,1,2019-06-26 22:40:20,26.31,7.439856,46.96644,579
Bicycle,1,2019-06-26 22:40:30,26.19,7.440731,46.96615,580
Bicycle,1,2019-06-26 22:40:40,26.09,7.44162,46.96587,580
Bicycle,1,2019-06-26 22:40:50,26.04,7.442011,46.966,579
Bicycle,1,2019-06-26 22:41:00,26.04,7.442418,46.96655,577
Bicycle,1,2019-06-26 22:41:10,25.96,7.442868,46.96726,568
Bicycle,1,2019-06-26 22:41:20,25.66,7.443446,46.96808,561
Bicycle,1,2019-06-26 22:41:30,25.19,7.443894,46.96887,558
Bicycle,1,2019-06-26 22:41:40,25.04,7.444206,46.96927,557
Bicycle,1,2019-06-26 22:41:50,25.14,7.444449,46.96958,556
Bicycle,1,2019-06-26 22:42:00,25.24,7.444551,46.96975,555
Bicycle,1,2019-06-26 22:42:10,25.31,7.444886,46.97007,556
Bicycle,1,2019-06-26 22:42:20,25.33,7.445198,46.97045,555
Bicycle,1,2019-06-26 22:42:30,25.37,7.44553,46.97084,555
Bicycle,1,2019-06-26 22:42:40,25.4,7.445864,46.97124,554
Bicycle,1,2019-06-26 22:42:50,25.44,7.446258,46.97165,553
Bicycle,1,2019-06-26 22:43:00,25.44,7.446788,46.97202,555
Bicycle,1,2019-06-26 22:43:10,25.44,7.44724,46.97237,556
Bicycle,1,2019-06-26 22:43:20,25.44,7.447655,46.97273,556
Bicycle,1,2019-06-26 22:43:30,25.44,7.448276,46.97298,554
Bicycle,1,2019-06-26 22:43:40,25.4,7.44914,46.97329,552
Bicycle,1,2019-06-26 22:43:50,25.24,7.450018,46.97375,547
Bicycle,1,2019-06-26 22:44:00,25.12,7.450815,46.9736,543
Bicycle,1,2019-06-26 22:44:10,25.11,7.451327,46.97326,541
Bicycle,1,2019-06-26 22:44:20,25.11,7.451943,46.97354,539
Bicycle,1,2019-06-26 22:44:30,25.17,7.452703,46.97386,539
Bicycle,1,2019-06-26 22:44:40,25.2,7.453518,46.97419,538
Bicycle,1,2019-06-26 22:44:50,25.24,7.454359,46.97455,536
Bicycle,1,2019-06-26 22:45:00,25.21,7.455251,46.97489,532
Bicycle,1,2019-06-26 22:45:10,25.13,7.456045,46.9753,530
Bicycle,1,2019-06-26 22:45:20,25.06,7.456629,46.97588,526
Bicycle,1,2019-06-26 22:45:30,24.98,7.456843,46.97655,523
Bicycle,1,2019-06-26 22:45:40,24.97,7.456973,46.97716,520
Bicycle,1,2019-06-26 22:45:50,24.97,7.457118,46.97772,519
Bicycle,1,2019-06-26 22:46:00,24.97,7.457146,46.97827,519
Bicycle,1,2019-06-26 22:46:10,24.97,7.45711,46.97879,518
Bicycle,1,2019-06-26 22:46:20,24.97,7.457108,46.97929,518
Bicycle,1,2019-06-26 22:46:30,24.97,7.457044,46.97981,518
Bicycle,1,2019-06-26 22:46:40,24.97,7.456984,46.98038,519
Bicycle,1,2019-06-26 22:46:50,25.07,7.456948,46.98094,521
Bicycle,1,2019-06-26 22:47:00,25.22,7.456898,46.98146,520
Bicycle,1,2019-06-26 22:47:10,25.33,7.456856,46.98191,520
Bicycle,1,2019-06-26 22:47:20,25.37,7.456841,46.98234,522
Bicycle,1,2019-06-26 22:47:30,25.37,7.456983,46.98273,523
Bicycle,1,2019-06-26 22:47:40,25.37,7.457188,46.98306,523
Bicycle,1,2019-06-26 22:47:50,25.26,7.457316,46.98336,523
Bicycle,1,2019-06-26 22:48:00,25.12,7.457366,46.98373,524
Bicycle,1,2019-06-26 22:48:10,25.02,7.457343,46.98411,524
Bicycle,1,2019-06-26 22:48:20,24.97,7.45732,46.98448,525
Bicycle,1,2019-06-26 22:48:30,25.03,7.457285,46.98485,527
Bicycle,1,2019-06-26 22:48:40,25.1,7.457251,46.98521,527
Bicycle,1,2019-06-26 22:48:50,25.16,7.457223,46.98557,529
Bicycle,1,2019-06-26 22:49:00,25.11,7.4572,46.98596,529
Bicycle,1,2019-06-26 22:49:10,25.08,7.457168,46.98633,531
Bicycle,1,2019-06-26 22:49:20,25.04,7.457155,46.9867,533
Bicycle,1,2019-06-26 22:49:30,24.98,7.457106,46.98706,533
Bicycle,1,2019-06-26 22:49:40,24.97,7.457086,46.98741,536
Bicycle,1,2019-06-26 22:49:50,24.97,7.457076,46.98776,539
Bicycle,1,2019-06-26 22:50:00,24.97,7.45704,46.9881,540
Bicycle,1,2019-06-26 22:50:10,24.97,7.456998,46.98845,541
Bicycle,1,2019-06-26 22:50:20,24.97,7.456943,46.98881,541
Bicycle,1,2019-06-26 22:50:30,24.97,7.456913,46.98917,540
Bicycle,1,2019-06-26 22:50:40,24.97,7.456883,46.98953,540
Bicycle,1,2019-06-26 22:50:50,24.99,7.456863,46.98989,542
Bicycle,1,2019-06-26 22:51:00,25.03,7.456839,46.99025,542
Bicycle,1,2019-06-26 22:51:10,25.04,7.456825,46.9906,543
Bicycle,1,2019-06-26 22:51:20,25.04,7.456834,46.99095,544
Bicycle,1,2019-06-26 22:51:30,25.04,7.456883,46.99132,545
Bicycle,1,2019-06-26 22:51:40,25.08,7.456935,46.99169,545
Bicycle,1,2019-06-26 22:51:50,25.13,7.457006,46.99206,545
Bicycle,1,2019-06-26 22:52:00,25.17,7.45707,46.9924,546
Bicycle,1,2019-06-26 22:52:10,25.17,7.457553,46.99254,546
Bicycle,1,2019-06-26 22:52:20,25.17,7.457939,46.99258,548
Bicycle,1,2019-06-26 22:52:30,25.17,7.458271,46.99267,550
Bicycle,1,2019-06-26 22:52:40,25.15,7.458613,46.99275,550
Bicycle,1,2019-06-26 22:52:50,25.09,7.458959,46.99283,551
Bicycle,1,2019-06-26 22:53:00,25.01,7.459278,46.99294,552
Bicycle,1,2019-06-26 22:53:10,24.9,7.459596,46.99306,553
Bicycle,1,2019-06-26 22:53:20,24.82,7.459921,46.99314,554
Bicycle,1,2019-06-26 22:53:30,24.77,7.460166,46.99293,555
Bicycle,1,2019-06-26 22:53:40,24.76,7.46045,46.99258,553
Bicycle,1,2019-06-26 22:53:50,24.67,7.460749,46.99217,552
Bicycle,1,2019-06-26 22:54:00,24.54,7.461036,46.99179,552
Bicycle,1,2019-06-26 22:54:10,24.43,7.461296,46.99144,552
Bicycle,1,2019-06-26 22:54:20,24.34,7.461567,46.99108,552
Bicycle,1,2019-06-26 22:54:30,24.25,7.461835,46.99072,552
Bicycle,1,2019-06-26 22:54:40,24.18,7.462089,46.99037,552
Bicycle,1,2019-06-26 22:54:50,24.11,7.462363,46.99004,553
Bicycle,1,2019-06-26 22:55:00,24.03,7.462616,46.98969,553
Bicycle,1,2019-06-26 22:55:10,23.97,7.462891,46.98932,552
Bicycle,1,2019-06-26 22:55:20,24.01,7.462823,46.98889,555
Bicycle,1,2019-06-26 22:55:30,24.1,7.462184,46.98865,556
Bicycle,1,2019-06-26 22:55:40,24.21,7.461518,46.98841,552
Bicycle,1,2019-06-26 22:55:50,24.28,7.461728,46.98792,548
Bicycle,1,2019-06-26 22:56:00,24.19,7.461991,46.98739,547
Bicycle,1,2019-06-26 22:56:10,24.05,7.462243,46.98686,546
Bicycle,1,2019-06-26 22:56:20,23.94,7.462456,46.9864,546
Bicycle,1,2019-06-26 22:56:30,23.87,7.462594,46.98602,546
Bicycle,1,2019-06-26 22:56:40,23.83,7.462416,46.9856,544
Bicycle,1,2019-06-26 22:56:50,23.79,7.462106,46.98504,541
Bicycle,1,2019-06-26 22:57:00,23.69,7.461786,46.98445,539
Bicycle,1,2019-06-26 22:57:10,23.59,7.461536,46.98396,540
Bicycle,1,2019-06-26 22:57:20,23.61,7.461526,46.98348,540
Bicycle,1,2019-06-26 22:57:30,23.69,7.461403,46.9829,536
Bicycle,1,2019-06-26 22:57:40,23.75,7.460886,46.9825,531
Bicycle,1,2019-06-26 22:57:50,23.72,7.459851,46.98228,529
Bicycle,1,2019-06-26 22:58:00,23.65,7.45906,46.98246,528
Bicycle,1,2019-06-26 22:58:10,23.65,7.458421,46.98257,529
Bicycle,1,2019-06-26 22:58:20,23.72,7.457868,46.9828,526
Bicycle,1,2019-06-26 22:58:30,23.82,7.457301,46.98279,523
Bicycle,1,2019-06-26 22:58:40,23.88,7.457041,46.98283,522
Bicycle,1,2019-06-26 22:58:50,23.93,7.456743,46.98259,524
Bicycle,1,2019-06-26 22:59:00,24.02,7.456738,46.98208,524
Bicycle,1,2019-06-26 22:59:10,24.13,7.456803,46.98145,521
Bicycle,1,2019-06-26 22:59:20,24.17,7.456843,46.98081,519
Bicycle,1,2019-06-26 22:59:30,24.23,7.456916,46.98026,518
Bicycle,1,2019-06-26 22:59:40,24.24,7.45695,46.97977,518
Bicycle,1,2019-06-26 22:59:50,24.34,7.45705,46.97926,518
Logger,3,2019-06-26 22:00:00,27.846,7.42253,46.95292,553.8
Logger,3,2019-06-26 22:00:00,26.668,7.40633,46.94333,555.5
Logger,3,2019-06-26 22:00:00,29.569,7.44925,46.94851,536.6
Logger,3,2019-06-26 22:00:00,24.225,7.38733,46.98041,590.2
Logger,3,2019-06-26 22:00:00,25.19,7.38371,46.9402,561.9
Logger,3,2019-06-26 22:00:00,28.64,7.46248,46.968,550.5
Logger,3,2019-06-26 22:00:00,25.061,7.42015,46.95029,552.4
Logger,3,2019-06-26 22:00:00,27.19,7.4354,46.95791,558.6
Logger,3,2019-06-26 22:00:00,25.4,7.43982,46.96249,562.8
Logger,3,2019-06-26 22:00:00,26.896,7.47194,46.94701,564
Logger,3,2019-06-26 22:00:00,24.787,7.46442,46.94471,549.2
Logger,3,2019-06-26 22:00:00,28.375,7.44885,46.94381,530.8
Logger,3,2019-06-26 22:00:00,28.821,7.44415,46.9497,539.2
Logger,3,2019-06-26 22:00:00,29.521,7.43849,46.94729,542.5
Logger,3,2019-06-26 22:00:00,27.239,7.46019,46.95189,568.4
Logger,3,2019-06-26 22:00:00,27.011,7.44738,46.93861,519.7
Logger,3,2019-06-26 22:00:00,27.732,7.46992,46.95065,579.1
Logger,3,2019-06-26 22:00:00,25.482,7.39462,46.90339,656.7
Logger,3,2019-06-26 22:00:00,25.061,7.44213,46.9395,503.1
Logger,3,2019-06-26 22:00:00,25.886,7.4562,46.94687,499.6
Logger,3,2019-06-26 22:00:00,25.013,7.49872,46.95575,574.3
Logger,3,2019-06-26 22:00:00,25.352,7.42031,46.92781,567.2
Logger,3,2019-06-26 22:00:00,28.54,7.42567,46.94719,543.7
Logger,3,2019-06-26 22:00:00,27.863,7.43097,46.94192,524.6
Logger,3,2019-06-26 22:00:00,24.448,7.47124,46.94861,558.5
Logger,3,2019-06-26 22:00:00,28.374,7.47194,46.95555,563.7
Logger,3,2019-06-26 22:00:00,23.966,7.40995,46.92041,577.2
Logger,3,2019-06-26 22:00:00,24.32,7.42128,46.95739,552.3
Logger,3,2019-06-26 22:00:00,25.79,7.45656,46.93798,535.2
Logger,3,2019-06-26 22:00:00,27.863,7.45802,46.95696,559.3
Logger,3,2019-06-26 22:00:00,27.453,7.46887,46.94518,566.3
Logger,3,2019-06-26 22:00:00,28.572,7.44772,46.95519,542.8
Logger,3,2019-06-26 22:00:00,28.011,7.44514,46.95896,538.1
Logger,3,2019-06-26 22:00:00,26.325,7.43739,46.92607,619.8
Logger,3,2019-06-26 22:00:00,25.579,7.40134,46.9489,545.9
Logger,3,2019-06-26 22:00:00,28.621,7.45193,46.94858,533.1
Logger,3,2019-06-26 22:00:00,26.652,7.43462,46.94187,521.4
Logger,3,2019-06-26 22:00:00,28.97,7.45351,46.94813,532
Logger,3,2019-06-26 22:00:00,28.854,7.44741,46.94828,539.5
Logger,3,2019-06-26 22:00:00,27.585,7.46968,46.96717,547.6
Logger,3,2019-06-26 22:00:00,28.721,7.44418,46.94983,539
Logger,3,2019-06-26 22:00:00,26.57,7.43821,46.9651,573.1
Logger,3,2019-06-26 22:00:00,24.223,7.46833,46.94644,558.2
Logger,3,2019-06-26 22:00:00,27.24,NA,NA,NA
Logger,3,2019-06-26 22:00:00,21.569,7.36586,46.93362,574.3
Logger,3,2019-06-26 22:00:00,28.838,7.45191,46.96174,554.9
Logger,3,2019-06-26 22:00:00,29.27,7.44376,46.94879,541.5
Logger,3,2019-06-26 22:00:00,28.805,7.44077,46.95152,534.6
Logger,3,2019-06-26 22:00:00,27.947,7.43133,46.94077,525.7
Logger,3,2019-06-26 22:00:00,25.822,7.48007,46.93919,553.1
Logger,3,2019-06-26 22:00:00,25.627,7.41689,46.94211,548.4
Logger,3,2019-06-26 22:00:00,26.603,7.43887,46.93508,532.6
Logger,3,2019-06-26 22:00:00,26.002,7.37478,46.94555,554.2
Logger,3,2019-06-26 22:00:00,24.609,7.44116,46.974,492.4
Logger,3,2019-06-26 22:00:00,25.159,7.44922,46.96766,526.8
Logger,3,2019-06-26 22:00:00,23.437,7.50376,46.96682,557.6
Logger,3,2019-06-26 22:00:00,28.705,7.43365,46.94832,540.1
Logger,3,2019-06-26 22:00:00,26.799,7.42312,46.93719,560.6
Logger,3,2019-06-26 22:00:00,29.137,7.44354,46.94692,542.6
Logger,3,2019-06-26 22:00:00,28.823,7.43786,46.94658,540.3
Logger,3,2019-06-26 22:00:00,27.715,7.46407,46.94714,561.6
Logger,3,2019-06-26 22:00:00,29.603,7.44437,46.94917,539.1
Logger,3,2019-06-26 22:00:00,25.546,7.45326,46.93122,533.5
Logger,3,2019-06-26 22:00:00,27.323,7.43582,46.96406,576.1
Logger,3,2019-06-26 22:00:00,23.645,7.44571,46.94446,500.8
Logger,3,2019-06-26 22:00:00,23.101,7.51182,46.89942,513.1
Logger,3,2019-06-26 22:00:00,25.595,7.46954,46.9356,544.6
Logger,3,2019-06-26 22:00:00,27.816,7.45822,46.94065,551.6
Logger,3,2019-06-26 22:00:00,27.617,7.46255,46.96312,554.5
Logger,3,2019-06-26 22:00:00,25.903,7.48707,46.95289,551.5
Logger,3,2019-06-26 22:00:00,22.142,7.44504,46.96547,494.5
Logger,3,2019-06-26 22:00:00,23.773,NA,NA,NA
Logger,3,2019-06-26 22:00:00,24.529,7.46403,46.9908,552.8
Logger,3,2019-06-26 22:00:00,25.838,7.42805,46.93514,573.7
Logger,3,2019-06-26 22:00:00,27.683,7.43714,46.9517,561.6
CWS,2,2019-06-26 21:59:00,25.4,7.3943629616851,46.885989049692,724
CWS,2,2019-06-26 21:55:58,NA,7.383338,46.883334,659
CWS,2,2019-06-26 21:59:41,28.7,7.38997,46.885852,664
CWS,2,2019-06-26 21:58:27,NA,7.396762,46.938692,563
CWS,2,2019-06-26 21:57:37,28.7,7.393031698846,46.943502964423,559
CWS,2,2019-06-26 21:54:46,29,7.383468,46.94838,564
CWS,2,2019-06-26 21:53:20,29.4,7.3906078,46.9393034,563
CWS,2,2019-06-26 21:52:38,NA,7.383763216919,46.960911343438,491
CWS,2,2019-06-26 21:58:10,28.1,7.395193,46.969016,575
CWS,2,2019-06-26 21:57:38,29.3,7.388242,46.935403,877
CWS,2,NA,NA,7.3931004999999,46.9686949,497
CWS,2,2019-06-26 22:01:18,26.7,7.387597,46.968521,504
CWS,2,2019-06-26 21:56:36,28,7.385678,46.960113,505
CWS,2,NA,NA,7.3848442,46.985647,623
CWS,2,2019-06-26 21:55:49,NA,7.383176,46.985635,622
CWS,2,2019-06-26 21:57:00,29.5,7.385756,46.985748,613
CWS,2,2019-06-26 21:59:00,28.7,7.5418698,46.8962022,531
CWS,2,2019-06-26 21:57:24,27.2,7.4968464999999,46.8845937,535
CWS,2,2019-06-26 21:59:19,32.05,7.499769,46.8817056,522
CWS,2,2019-06-26 21:59:39,29.2,7.5445334976196,46.89685791829,540
CWS,2,2019-06-26 21:55:58,27.5,7.5049432398692,46.878194924856,539
CWS,2,2019-06-26 21:51:32,NA,7.49307,46.89336,556
CWS,2,2019-06-26 21:53:21,NA,7.4997968,46.9175396,510
CWS,2,2019-06-26 22:01:03,28.3,7.499917,46.886085,523
CWS,2,2019-06-26 21:53:38,NA,7.4997189369507,46.882379277947,524
CWS,2,2019-06-26 21:52:06,29.7,7.489569,46.871388,596
CWS,2,2019-06-26 21:58:56,29.2,7.4968374,46.9007223,513
CWS,2,2019-06-26 21:58:56,26.7,7.4915438,46.8686836,552
CWS,2,2019-06-26 21:54:19,31.1,7.5070949999999,46.8812327,547
CWS,2,2019-06-26 21:57:32,30.7,7.5068623,46.8807888,546
CWS,2,2019-06-26 21:54:11,27.3,7.501444,46.884176,524
CWS,2,2019-06-26 21:59:47,27.1,7.498782,46.8848117,525
CWS,2,NA,NA,7.4975849,46.8880656,530
CWS,2,2019-06-26 21:54:23,29.3,7.4627716246064,46.922055463858,565
CWS,2,2019-06-26 21:54:16,28.2,7.4326159392216,46.894308085571,779
CWS,2,2019-06-26 22:01:37,28.1,7.41184,46.91092,662
CWS,2,2019-06-26 21:54:25,29.4,7.43213,46.92471,635
CWS,2,2019-06-26 21:52:33,27.6,7.40777,46.92022,586
CWS,2,2019-06-26 22:00:50,25.2,7.475736,46.88223,830
CWS,2,2019-06-26 21:59:01,26.6,7.4083063736664,46.92437853784,605
CWS,2,NA,NA,7.4150876,46.91008,658
CWS,2,2019-06-26 21:51:36,26.6,7.4196222,46.9217747,622
CWS,2,2019-06-26 21:56:09,30.9,7.415754,46.913126,630
CWS,2,NA,NA,7.4146223068237,46.880202036147,710
CWS,2,NA,NA,7.409987,46.889546,711
CWS,2,2019-06-26 21:57:21,27,7.421653,46.9248345,597
CWS,2,2019-06-26 21:58:52,30.1,7.4180889749645,46.906110081866,735
CWS,2,2019-06-26 21:55:15,27.9,7.4162511792068,46.910842049975,646
CWS,2,2019-06-26 22:00:40,29.8,7.467421,46.916615,565
CWS,2,2019-06-26 21:54:03,28.4,7.419442,46.91765,-999
CWS,2,2019-06-26 21:59:14,30.4,7.4119000000001,46.91085,662
CWS,2,2019-06-26 22:00:04,29.3,7.517955,46.935309,593
CWS,2,2019-06-26 22:00:06,26.6,7.5464162000001,46.9256395,622
CWS,2,NA,NA,7.54509,46.925675,603
CWS,2,NA,NA,7.4968578784475,46.977900050282,602
CWS,2,2019-06-26 21:51:54,NA,7.4997491,46.9811288,623
CWS,2,2019-06-26 21:58:12,28.1,7.501549,46.975624,604
CWS,2,2019-06-26 21:59:06,29.3,7.5376,46.930259,624
CWS,2,2019-06-26 21:54:53,29.1,7.505346,46.974159,626
CWS,2,2019-06-26 21:47:09,28.9,7.529239,46.93181,-999
CWS,2,2019-06-26 21:52:45,NA,7.5022793010155,46.969686591458,603
CWS,2,2019-06-26 21:52:01,31.5,7.499718,46.956786,0
CWS,2,NA,NA,7.4853330999999,46.9797822,589
CWS,2,2019-06-26 22:01:51,26.8,7.508656,46.955983,463
CWS,2,2019-06-26 21:53:06,29.8,7.498592,46.977421,-999
CWS,2,2019-06-26 21:57:18,NA,7.4986394,46.9760471,596
CWS,2,2019-06-26 21:51:37,30,7.496343,46.938114,565
CWS,2,2019-06-26 21:55:07,27.7,7.489066,46.975584,573
CWS,2,NA,NA,7.498937,46.974049,599
CWS,2,2019-06-26 22:00:38,29.4,7.4980367319906,46.960109445642,420
CWS,2,2019-06-26 21:59:24,31.6,7.497425,46.960009,562
CWS,2,2019-06-26 21:58:09,27.8,7.492617,46.971724,554
CWS,2,2019-06-26 21:57:22,28.1,7.5114517,46.9357864,597
CWS,2,2019-06-26 21:53:20,27,7.4980399884682,46.961484859133,564
CWS,2,NA,NA,7.512809,46.931601,-999
CWS,2,2019-06-26 21:55:35,29.7,7.4931656,46.9539286,566
CWS,2,2019-06-26 21:59:00,28.1,7.495198,46.940638,-999
CWS,2,2019-06-26 21:53:02,NA,7.497195,46.954681,-999
CWS,2,2019-06-26 21:57:18,28.9,7.4981087,46.9374999,-999
CWS,2,2019-06-26 21:52:33,NA,7.4873069,46.9577083,554
CWS,2,2019-06-26 21:58:26,27.9,7.4908603767212,46.958695519352,551
CWS,2,NA,NA,7.4961593,46.9388432,564
CWS,2,2019-06-26 21:57:55,30.5,7.4826945,46.9554463,556
CWS,2,2019-06-26 21:58:13,27.5,7.4837181,46.958905,597
CWS,2,2019-06-26 21:56:25,26.8,7.4926697452302,46.976380306613,597
CWS,2,2019-06-26 21:55:42,28.4,7.5034,46.931384,-999
CWS,2,2019-06-26 21:53:24,27.5,7.5329932797623,46.959179655691,605
CWS,2,2019-06-26 21:59:36,28.4,7.534338,46.959315,596
CWS,2,2019-06-26 21:52:07,NA,7.4874141,46.9592224,552
CWS,2,NA,NA,7.4851934909821,46.965485927012,556
CWS,2,2019-06-26 21:54:40,26.6,7.4853973388672,46.965031975102,555
CWS,2,2019-06-26 21:59:20,29.5,7.488175,46.952357,551
CWS,2,2019-06-26 22:18:35,29.9,7.4906533996508,46.936091354808,559
CWS,2,2019-06-26 21:59:46,29.1,7.48816,46.93233,562
CWS,2,2019-06-26 21:55:27,28.8,7.485092,46.9321928,564
CWS,2,2019-06-26 21:58:27,30.6,7.442062,46.949739,548
CWS,2,2019-06-26 21:57:04,30,7.425424,46.927443,602
CWS,2,2019-06-26 21:58:18,29.5,7.4250119259034,46.946971542952,546
CWS,2,2019-06-26 21:55:29,NA,7.4128055,46.9274313,576
CWS,2,2019-06-26 21:55:57,NA,7.464317,46.965701,554
CWS,2,2019-06-26 22:00:55,28,7.458184,46.960379,559
CWS,2,NA,NA,7.422554,46.926912,578
CWS,2,NA,NA,7.4498673000001,46.9693335,524
CWS,2,2019-06-26 21:54:42,29.9,7.457077,46.956149,564
CWS,2,2019-06-26 21:52:46,28.1,7.4129422999999,46.9427771,552
CWS,2,2019-06-26 21:59:36,28.7,7.465139,46.965974,554
CWS,2,2019-06-26 21:57:32,29.8,7.449509,46.957903,-999
CWS,2,NA,NA,7.45508,46.95902,563
CWS,2,2019-06-26 21:52:07,27.5,7.4701338164214,46.935716652072,549
CWS,2,2019-06-26 21:58:55,28,7.4702670342988,46.951753038549,578
CWS,2,2019-06-26 21:57:45,27.9,7.4226963999999,46.9738197,501
CWS,2,2019-06-26 21:55:49,29.5,7.4705357,46.9498279,574
CWS,2,2019-06-26 21:52:34,30.8,7.454155,46.958211,565
CWS,2,2019-06-26 21:54:04,28.6,7.469408,46.950107,566
CWS,2,2019-06-26 21:59:32,28.4,7.4597515,46.9455718,558
CWS,2,2019-06-26 21:57:27,NA,7.4166476,46.9299157,569
CWS,2,NA,NA,7.423936,46.937364,567
CWS,2,NA,NA,7.45418,46.94844,540
CWS,2,2019-06-26 21:52:59,29.7,7.4697999,46.9503897,581
CWS,2,2019-06-26 21:57:11,30.8,7.465488,46.939864,555
CWS,2,2019-06-26 21:51:54,30.7,7.4670616246835,46.935144840604,542
CWS,2,2019-06-26 22:00:54,28.7,7.4182403624268,46.926834213036,570
CWS,2,2019-06-26 22:00:54,NA,7.4650281,46.9341626,540
CWS,2,2019-06-26 21:51:50,28,7.458017,46.948286,557
CWS,2,2019-06-26 21:56:03,31.6,7.4517284,46.9478709,537
CWS,2,2019-06-26 21:54:25,30.8,7.4611331999999,46.9476896,553
CWS,2,NA,NA,7.463312,46.948498,-999
CWS,2,2019-06-26 21:59:02,29.2,7.41077,46.926425,598
CWS,2,2019-06-26 21:57:13,NA,7.451006,46.9481588,541
CWS,2,2019-06-26 21:55:12,28.7,7.454552,46.941369,544
CWS,2,2019-06-26 21:52:12,NA,7.4508797,46.971924,527
CWS,2,2019-06-26 21:54:37,27.3,7.429222,46.975733,528
CWS,2,2019-06-26 21:51:54,29.6,7.4559167,46.9415827,551
CWS,2,2019-06-26 21:52:45,28.3,7.4440079,46.9710728,546
CWS,2,2019-06-26 21:56:35,26.5,7.4650535032958,46.944634029414,552
CWS,2,2019-06-26 21:53:02,28.1,7.4337800000001,46.93487,554
CWS,2,2019-06-26 21:58:18,26.6,7.4466086,46.97062,514
CWS,2,2019-06-26 21:59:20,28.4,7.455417,46.940912,545
CWS,2,NA,NA,7.4567930000001,46.9553085,564
CWS,2,2019-06-26 21:53:49,26.9,7.441754,46.975468,-999
CWS,2,2019-06-26 21:59:16,29.5,7.443596,46.961158,519
CWS,2,2019-06-26 21:52:52,NA,7.4671706,46.9383063,546
CWS,2,2019-06-26 21:59:38,27.3,7.449316,46.938608,529
CWS,2,2019-06-26 21:54:30,NA,7.433229,46.941349,-999
CWS,2,2019-06-26 21:53:43,29,7.428532,46.940472,-999
CWS,2,2019-06-26 21:59:46,NA,7.43983,46.969145,496
CWS,2,2019-06-26 21:57:05,30.4,7.4341822782065,46.952038429783,565
CWS,2,NA,NA,7.4347230930364,46.93845473353,528
CWS,2,2019-06-26 21:58:53,29.4,7.4366719275782,46.9594240515,564
CWS,2,NA,NA,7.434278011322,46.942849265345,531
CWS,2,NA,NA,7.4280456,46.9468814,539
CWS,2,2019-06-26 21:57:14,30.6,7.4313167738143,46.939745147208,539
CWS,2,2019-06-26 22:01:22,NA,7.445311,46.966606,498
CWS,2,2019-06-26 21:59:17,30.6,7.4360077,46.9407569,524
CWS,2,2019-06-26 21:52:54,28.3,7.442982,46.934614,512
CWS,2,2019-06-26 21:51:22,NA,7.4387503,46.9720415,491
CWS,2,2019-06-26 21:57:43,30.7,7.4367707,46.9416246,525
CWS,2,2019-06-26 21:52:37,28.7,7.440525,46.93722,515
CWS,2,2019-06-26 21:51:37,NA,7.436463,46.937254,558
CWS,2,2019-06-26 22:00:42,28.5,7.4304445,46.9755582,522
CWS,2,2019-06-26 21:54:48,28.8,7.431231,46.946446,545
CWS,2,2019-06-26 22:00:39,31.4,7.44181,46.9432,507
CWS,2,2019-06-26 21:59:35,29.1,7.4343703,46.9342175,549
CWS,2,2019-06-26 21:58:30,28.7,7.4361732,46.9710803,497
CWS,2,2019-06-26 21:55:15,28.5,7.4799817000001,46.9764923,549
CWS,2,2019-06-26 21:53:29,30.2,7.4368859,46.9390832,527
CWS,2,2019-06-26 21:51:47,30.3,7.4366617000001,46.9558862,556
CWS,2,2019-06-26 21:59:30,NA,7.427723,46.945344,542
CWS,2,2019-06-26 22:00:04,29.7,7.4752966912044,46.969861835465,559
CWS,2,2019-06-26 21:59:37,29.1,7.4789730289804,46.982087267452,567
CWS,2,2019-06-26 22:01:30,29.5,7.43794,46.93853,528
CWS,2,2019-06-26 21:53:28,NA,7.4582630362457,46.978672160242,516
CWS,2,2019-06-26 21:59:29,29.2,7.432077,46.942761,529
CWS,2,2019-06-26 21:57:27,28.6,7.416518,46.929205,571
CWS,2,2019-06-26 21:56:02,27.2,7.4739896807591,46.971278640486,556
CWS,2,2019-06-26 21:56:56,30.2,7.4747222,46.9383852,555
CWS,2,2019-06-26 21:57:30,28.3,7.47633,46.9719,552
CWS,2,2019-06-26 21:56:03,NA,7.4406166,46.9818083,501
CWS,2,2019-06-26 21:57:07,28.9,7.4371885,46.9267777,612
CWS,2,2019-06-26 21:52:18,30.5,7.476381,46.972326,551
CWS,2,2019-06-26 21:53:19,27.8,7.4176660325892,46.928625567511,566
CWS,2,2019-06-26 21:54:47,28.3,7.433178,46.937278,540
CWS,2,2019-06-26 22:01:40,30.5,7.4779484,46.9294816,-999
CWS,2,2019-06-26 21:53:56,28.1,7.4750363000001,46.9765516,529
CWS,2,2019-06-26 21:59:47,29.5,7.440598621181,46.98174706288,501
CWS,2,2019-06-26 22:00:17,27,7.476495,46.970407,560
CWS,2,2019-06-26 21:54:02,32.45,7.4736355338315,46.977123152508,527
CWS,2,2019-06-26 21:59:27,31,7.477646,46.980337,561
CWS,2,2019-06-26 21:58:47,30.3,7.4723028931762,46.970487298955,560
CWS,2,2019-06-26 21:59:34,29,7.479347,46.930281,570
CWS,2,2019-06-26 21:54:18,NA,7.4366211,46.9779333,525
CWS,2,2019-06-26 22:00:43,29.6,7.4781729135796,46.933373598315,549
CWS,2,2019-06-26 21:52:12,30.2,7.4746751270553,46.974278001253,525
CWS,2,2019-06-26 21:52:38,27.7,7.4404077418218,46.981424912854,501
CWS,2,2019-06-26 21:57:15,28.1,7.44038,46.97899,511
CWS,2,2019-06-26 21:54:54,30.5,7.4756502,46.9709663,554
CWS,2,2019-06-26 21:58:08,28.4,7.4608784936283,46.980908587957,531
CWS,2,2019-06-26 21:55:58,27.8,7.4251572000001,46.9421586,547
CWS,2,2019-06-26 21:52:19,27.9,7.4482051,46.9306725,553
CWS,2,2019-06-26 21:57:31,NA,7.4438013,46.9274811,618
CWS,2,NA,NA,7.460968,46.978025,587
CWS,2,2019-06-26 21:59:21,NA,7.443368,46.931877,-999
CWS,2,2019-06-26 21:53:34,27.7,7.43486,46.92614,620
CWS,2,2019-06-26 21:59:05,27.2,7.443632,46.926228,648
CWS,2,2019-06-26 21:55:54,28.8,7.4796851693116,46.959125581187,554
CWS,2,2019-06-26 21:53:02,30.9,7.4242521423279,46.954537268553,555
CWS,2,2019-06-26 21:55:21,28.8,7.454837,46.931102,-999
CWS,2,2019-06-26 21:57:47,30.7,7.4040315,46.9434381,0
CWS,2,2019-06-26 21:53:24,28,7.44668,46.932573,534
CWS,2,2019-06-26 21:57:15,NA,7.422383,46.9519259,556
CWS,2,2019-06-26 21:54:52,29.1,7.426303,46.951646,551
CWS,2,2019-06-26 22:01:00,28.2,7.4220639227539,46.928712707231,564
CWS,2,2019-06-26 22:01:12,29.3,7.422587,46.934264,561
CWS,2,2019-06-26 21:58:37,27.6,7.425485,46.9278,600
CWS,2,2019-06-26 21:52:20,30.2,7.409501,46.948653,567
CWS,2,2019-06-26 21:59:23,26.2,7.4208215810428,46.925430991731,583
CWS,2,2019-06-26 21:51:50,29.8,7.478574,46.944236,566
CWS,2,2019-06-26 21:59:32,NA,7.408946,46.974145,562
CWS,2,2019-06-26 21:53:37,NA,7.4255359699753,46.928420287944,580
CWS,2,2019-06-26 21:59:24,28.1,7.4253053,46.928369,579
CWS,2,2019-06-26 22:00:49,28.5,7.41989,46.925538,580
CWS,2,2019-06-26 21:57:42,32.1,7.465893,46.976833,547
CWS,2,2019-06-26 21:53:10,28.2,7.4838204258859,47.013748092172,546
CWS,2,2019-06-26 21:53:49,30.5,7.4866954,47.013563,538
CWS,2,2019-06-26 21:53:10,27.3,7.4825335,47.016991,532
CWS,2,2019-06-26 21:56:01,29.7,7.4973375,47.0206078,527
CWS,2,2019-06-26 21:56:48,28.5,7.495105,47.022802,524
CWS,2,2019-06-26 21:57:45,31.2,7.496165183606,47.022628331401,524
CWS,2,2019-06-26 21:53:37,28.6,7.5333637352473,47.0215775997,581
CWS,2,2019-06-26 21:58:25,NA,7.5041461000001,47.0198233,531
CWS,2,2019-06-26 21:53:48,27.1,7.4989940466066,46.983055975458,638
CWS,2,2019-06-26 21:52:21,30.3,7.49514,47.02105,527
CWS,2,2019-06-26 21:56:13,27.3,7.4440586000001,47.019676,567
CWS,2,NA,NA,7.461125,47.002348,560
CWS,2,2019-06-26 21:53:13,30.4,7.4780069008058,46.984632759362,570
CWS,2,2019-06-26 21:56:55,30,7.481048,47.013055,549
CWS,2,2019-06-26 21:53:58,29.8,7.4495234999999,47.0205694,558
CWS,2,2019-06-26 22:00:51,NA,7.450769,46.991084,569
CWS,2,2019-06-26 21:53:49,29.8,7.462731790213,47.020153557374,561
CWS,2,2019-06-26 21:51:24,30.2,7.4590367000001,46.9979728,557
CWS,2,2019-06-26 21:57:01,28.3,7.441385,46.986481,-999
CWS,2,2019-06-26 21:52:27,28.4,7.440679,46.985328,-999
CWS,2,2019-06-26 21:35:46,31.5,7.4529853,47.0013416,581
CWS,2,2019-06-26 21:54:49,29.7,7.4562691,46.9925251,549
CWS,2,2019-06-26 21:52:19,29.8,7.4560045324912,47.015221907451,565
CWS,2,2019-06-26 21:51:51,29.2,7.444218,46.999713,-999
CWS,2,NA,NA,7.4568584,46.9865223,531
CWS,2,2019-06-26 21:57:07,27.7,7.4548136,46.9971183,561
CWS,2,2019-06-26 21:58:43,29.2,7.4586409999999,46.9856176,548
CWS,2,2019-06-26 21:59:00,28.7,7.404237,46.996003,599
CWS,2,2019-06-26 21:59:37,30.4,7.4473291,47.0212397,612
CWS,2,2019-06-26 21:53:05,NA,7.439301,46.984925,540
CWS,2,2019-06-26 21:55:05,28.7,7.4304002,47.0039018,600
CWS,2,2019-06-26 21:58:45,26.7,7.4414591,47.0209658,572
CWS,2,2019-06-26 21:53:12,30.1,7.504689,46.958496,592
CWS,2,2019-06-26 21:51:29,28.9,7.49368,47.02078,524
CWS,2,2019-06-26 22:00:13,28.7,7.486982,46.928847,550
CWS,2,2019-06-26 21:51:58,28.3,7.5467906,46.9546491,565
CWS,2,NA,NA,7.423631,46.943554,556
CWS,2,2019-06-26 21:57:55,29.8,7.534921,46.929436,601
CWS,2,2019-06-26 21:56:15,29.6,7.492332,46.959678,-999
CWS,2,2019-06-26 21:51:59,28.8,7.4382968819411,47.02159595728,577
CWS,2,NA,NA,7.42798,47.003912,600
CWS,2,2019-06-26 21:54:24,31.7,7.4573687,46.9958763,554
CWS,2,2019-06-26 21:55:11,28.2,7.545934,46.958898,669
CWS,2,2019-06-26 21:53:29,28.1,7.499556,46.916985,-999
CWS,2,2019-06-26 21:56:29,31.6,7.490249,46.934701,645
CWS,2,2019-06-26 21:55:02,28.4,7.448938,46.951226,525
CWS,2,2019-06-26 21:52:16,28.8,7.436316,47.024518,-999
CWS,2,2019-06-26 22:00:05,29.4,7.449699,47.019622,557
CWS,2,2019-06-26 21:58:41,25.8,7.4642158,46.9099181,696
CWS,2,2019-06-26 21:59:29,27.6,7.419378,46.926328,-999
CWS,2,2019-06-26 21:58:51,28.4,7.4209023,46.9350684,558
CWS,2,2019-06-26 22:00:02,27.7,7.4296172291386,46.929158936503,597
CWS,2,2019-06-26 21:56:11,NA,7.455139,46.995392,554
CWS,2,2019-06-26 21:57:07,28.1,7.466887,46.9486328,584
CWS,2,2019-06-26 21:54:20,28.9,7.474913,46.971128,-999
CWS,2,2019-06-26 21:58:54,27.9,7.386666,46.882843,655
CWS,2,2019-06-26 21:53:38,31,7.49652,46.9548,575
CWS,2,NA,NA,7.465845,46.938207,547
CWS,2,2019-06-26 21:57:43,29,7.4504762,46.9914165,509
CWS,2,2019-06-26 21:55:22,29.3,7.494957,47.021986,-999
CWS,2,2019-06-26 21:53:00,29.4,7.4355844,46.9572354,561
CWS,2,2019-06-26 21:53:26,28.9,7.540932,46.891877,518
CWS,2,2019-06-26 21:54:31,29.3,7.428654,46.927446,609
CWS,2,2019-06-26 21:52:15,NA,7.48717,46.934269,562
CWS,2,2019-06-26 22:01:11,29.1,7.4568368,46.9848852,523
CWS,2,2019-06-26 21:52:54,30.3,7.452936,46.947464,-999
CWS,2,2019-06-26 21:58:57,29.3,7.4333312311908,46.936398109949,545
CWS,2,2019-06-26 22:00:32,28.6,7.4213794,46.9279907,567
CWS,2,2019-06-26 21:53:37,28.4,7.440138,46.982554,502
CWS,2,2019-06-26 21:57:12,NA,7.502769,46.929986,561
CWS,2,2019-06-26 21:52:18,30.3,7.476299,46.9780803,554
CWS,2,2019-06-26 21:52:57,30.8,7.41826,46.935615,570
CWS,2,2019-06-26 21:59:41,30.6,7.456547,46.944678,-999
CWS,2,NA,NA,7.4571500904927,46.961087062999,560
CWS,2,2019-06-26 21:59:12,28.3,7.5043822,46.9315803,560
CWS,2,2019-06-26 21:55:27,28.4,7.4919249338592,46.954999778915,556
CWS,2,2019-06-26 21:54:11,30.5,7.44638,46.929272,554
CWS,2,2019-06-26 22:00:25,28.3,7.443288,46.97188,-999
CWS,2,2019-06-26 21:52:41,27.9,7.4855107,46.92943,547
CWS,2,2019-06-26 21:51:23,NA,7.4779194,46.9466687,578
CWS,2,2019-06-26 21:58:02,NA,7.4097885058067,46.94863070931,555
CWS,2,2019-06-26 21:54:10,27.7,7.477265,47.017658,-999
CWS,2,2019-06-26 21:59:38,26.6,7.394847,46.886028,724
CWS,2,2019-06-26 21:59:11,29.2,7.438292,46.929797,564
CWS,2,NA,NA,7.435225,46.971477,495
CWS,2,2019-06-26 21:58:31,29.7,7.3919783,46.9459604,555
CWS,2,2019-06-26 21:59:23,29.8,7.4607154,46.9540852,563
CWS,2,2019-06-26 21:59:33,NA,7.399493,46.990002,-999
CWS,2,2019-06-26 21:59:49,28.3,7.5328850999999,46.9592214,606
CWS,2,2019-06-26 21:58:29,28.4,7.4279586,46.9463509,538
CWS,2,2019-06-26 21:54:39,27.8,7.5397777000001,46.928452,619
CWS,2,2019-06-26 21:59:38,29.2,7.439795,46.944543,544
CWS,2,2019-06-26 21:57:04,29.4,7.4846747,47.0138958,539
CWS,2,2019-06-26 22:01:53,27.5,7.489094,46.975064,573
CWS,2,NA,NA,7.502517,46.9789562,628
CWS,2,2019-06-26 21:56:56,NA,7.4425653275172,47.023177645213,572
CWS,2,2019-06-26 21:56:38,30.9,7.4273286,46.9588575,570
CWS,2,NA,NA,7.4064871,46.9438847,-999
CWS,2,2019-06-26 21:57:56,29.4,7.437505,46.952819,556
CWS,2,2019-06-26 21:58:40,27.7,7.394012,46.938659,546
CWS,2,NA,NA,7.44475,46.939142,-999
CWS,2,2019-06-26 21:51:57,30.2,7.431008,46.933325,560
CWS,2,2019-06-26 21:58:49,27,7.4458169,47.0049351,632
CWS,2,2019-06-26 22:00:11,NA,7.4162129,46.9120695,641
CWS,2,2019-06-26 21:59:38,30.2,7.496687,47.020822,525
CWS,2,2019-06-26 21:59:57,27.2,7.420995,46.913666,651
CWS,2,2019-06-26 21:56:58,NA,7.437393,46.944767,535
CWS,2,2019-06-26 22:01:21,29,7.515753,46.959794,563
CWS,2,2019-06-26 21:53:03,29.3,7.417578,46.935481,555
CWS,2,2019-06-26 21:56:55,NA,7.457175,46.966419,554
CWS,2,2019-06-26 21:55:23,26.7,7.464036,46.952181,581
CWS,2,2019-06-26 22:00:06,28.2,7.500485,46.926673,-999
CWS,2,2019-06-26 21:59:41,27.9,7.4113838,46.9237588,644
CWS,2,2019-06-26 22:00:50,25.7,7.463591,46.910102,696
CWS,2,2019-06-26 21:51:50,27.8,7.522732,46.959766,572
CWS,2,NA,NA,7.434245,46.945134,535
CWS,2,2019-06-26 21:55:34,28.4,7.427424,46.92192,637
CWS,2,2019-06-26 22:00:29,27.9,7.4375374884612,46.970339202275,498
CWS,2,2019-06-26 22:01:11,28,7.441797,46.973616,511
CWS,2,2019-06-26 21:53:18,27.3,7.4087,46.9234,597
CWS,2,2019-06-26 21:58:55,30.6,7.46855,46.951285,589
CWS,2,NA,NA,7.546402,46.957345,594
CWS,2,2019-06-26 21:55:55,28.4,7.5127204071425,46.928963331759,571
CWS,2,2019-06-26 21:54:31,NA,7.540838,46.999999,602
CWS,2,NA,NA,7.468162990661,46.951904166519,587
CWS,2,2019-06-26 21:52:31,30.7,7.446067,47.00299,579
CWS,2,2019-06-26 21:52:38,27.9,7.397366,46.946055,-999
CWS,2,2019-06-26 21:57:52,28.2,7.412175,47.003,619
CWS,2,2019-06-26 21:59:09,31.3,7.497278,46.95539,-999
CWS,2,NA,NA,7.528059,46.95705,555
CWS,2,2019-06-26 22:00:49,26,7.497699,46.985616,652
CWS,2,2019-06-26 22:00:56,30,7.492065,46.924752,544
CWS,2,2019-06-26 21:56:08,NA,7.5008833333175,46.95540962449,582
CWS,2,2019-06-26 22:00:31,27.7,7.486716,46.929571,553
CWS,2,2019-06-26 21:58:00,28.6,7.441115,46.935005,519
CWS,2,2019-06-26 21:53:29,29.8,7.448563,46.955479,-999
CWS,2,NA,NA,7.452552,46.948045,539
CWS,2,2019-06-26 21:59:16,28.2,7.441263,46.926534,-999
CWS,2,2019-06-26 21:52:09,29.2,7.426519,46.953411,-999
CWS,2,2019-06-26 21:59:10,28.8,7.462937,46.907179,624
CWS,2,2019-06-26 21:55:24,30.1,7.417826,46.9354,555
CWS,2,2019-06-26 21:53:07,30.3,7.487013,46.974669,-999
CWS,2,2019-06-26 21:54:50,29.9,7.499983,46.888965,-999
CWS,2,2019-06-26 21:56:45,NA,7.472493,46.945815,-999
CWS,2,2019-06-26 21:52:32,31.4,7.389138,46.948227,561
CWS,2,2019-06-26 21:55:22,31.6,7.4375934,46.9488517,554
CWS,2,2019-06-26 21:52:35,28.4,7.520077,46.889487,-999
CWS,2,2019-06-26 21:56:36,29.7,7.42149,46.974325,-999
CWS,2,2019-06-26 21:57:19,26.1,7.39335,46.884614,-999
CWS,2,NA,NA,7.439089,46.928765,-999
CWS,2,2019-06-26 21:56:03,26.3,7.427911,46.929275,587
CWS,2,2019-06-26 21:54:32,31.2,7.4432106224981,46.944831537528,507
CWS,2,2019-06-26 21:59:22,28.6,7.496584,46.937536,565
CWS,2,2019-06-26 21:53:39,30.2,7.440234,47.025008,-999
CWS,2,2019-06-26 22:00:01,27.8,7.4954591000001,46.9635184,548
CWS,2,2019-06-26 21:56:33,27.2,7.439418,46.971709,502
CWS,2,2019-06-26 21:59:39,30.3,7.447904,46.947942,546
CWS,2,NA,NA,7.503306,46.934164,561
CWS,2,2019-06-26 21:53:11,30.5,7.4965724994399,46.974308744698,581
CWS,2,2019-06-26 21:55:57,28.8,7.4951191960645,46.97406124051,577
CWS,2,2019-06-26 22:00:15,28.7,7.490228,46.951937,-999
CWS,2,2019-06-26 21:52:58,28,7.448225,47.018059,567
CWS,2,2019-06-26 22:00:32,30.3,7.448501,46.939519,529
CWS,2,2019-06-26 21:59:22,28.8,7.446739,47.0010159,634
CWS,2,NA,NA,7.394834,46.965149,497
CWS,2,2019-06-26 22:00:54,27.8,7.416736,46.952502,575
CWS,2,2019-06-26 21:59:05,27,7.497393,46.960768,-999
CWS,2,2019-06-26 21:58:33,27.7,7.42993,46.974836,520
CWS,2,NA,NA,7.443932,46.948725,546
CWS,2,2019-06-26 21:55:04,29.4,7.438403,46.978345,-999
CWS,2,2019-06-26 21:58:12,27.9,7.455871,46.951099,546
CWS,2,2019-06-26 21:57:08,28.3,7.431748,46.937018,-999
CWS,2,2019-06-26 21:51:54,NA,7.413473,47.001824,-999
CWS,2,2019-06-26 21:54:45,26.8,7.418671,46.904007,674
CWS,2,2019-06-26 21:43:11,29.9,7.461252,46.944414,542
CWS,2,2019-06-26 22:00:13,NA,7.526504,46.960096,583
CWS,2,2019-06-26 21:52:55,27.7,7.5275549928397,46.867520521124,794
CWS,2,2019-06-26 21:54:50,27.1,7.446126,47.025553,543
CWS,2,2019-06-26 22:00:43,NA,7.527225,47.019493,548
CWS,2,2019-06-26 21:59:40,28.9,7.48966,46.980104,606
CWS,2,2019-06-26 21:51:50,27.7,7.45851,47.000448,556
CWS,2,2019-06-26 22:01:22,28.9,7.436584,46.951104,-999
CWS,2,2019-06-26 22:01:16,NA,7.383303,46.961009,489
CWS,2,2019-06-26 22:00:09,27.8,7.399575,46.990019,582
CWS,2,2019-06-26 21:55:59,27.4,7.455695,47.025125,551
CWS,2,2019-06-26 22:00:49,28.3,7.413689,46.972924,-999
CWS,2,2019-06-26 22:01:09,29,7.423263,46.974198,-999
CWS,2,2019-06-26 21:56:44,31.4,7.524261,46.891795,-999
CWS,2,2019-06-26 21:59:58,27.5,7.410023,46.9204959,581
CWS,2,2019-06-26 21:57:33,29.5,7.439372,46.937613,522
CWS,2,2019-06-26 21:54:00,29.8,7.430553,46.939951,-999
CWS,2,2019-06-26 21:53:09,29,7.4879008,46.9809056,614
CWS,2,2019-06-26 21:56:34,28.7,7.499413,46.979949,581
CWS,2,2019-06-26 22:00:05,30.7,7.540972,46.894056,528
CWS,2,2019-06-26 21:52:59,29.3,7.439099,46.937399,519
CWS,2,2019-06-26 21:51:19,NA,7.450516,46.954142,-999
CWS,2,2019-06-26 21:55:09,30.9,7.4940359576722,46.977303883149,600
CWS,2,2019-06-26 21:57:10,29,7.5098708784348,46.890750282623,519
CWS,2,2019-06-26 21:52:38,29.2,7.417487,46.906343,-999
CWS,2,2019-06-26 22:00:49,29.1,7.500511,46.984566,-999
CWS,2,2019-06-26 21:56:18,28.2,7.4211247000001,46.9434536,550
CWS,2,2019-06-26 21:58:31,28.7,7.532772,46.958965,599
CWS,2,2019-06-26 21:52:29,29.2,7.389693,46.945079,560
CWS,2,2019-06-26 21:52:59,30.2,7.495906,46.923941,455
CWS,2,2019-06-26 21:56:32,30,7.497067,46.955592,550
CWS,2,NA,29.075,7.491077,47.019987,524
CWS,2,2019-06-26 21:58:54,31.6,7.492222,47.019839,524
CWS,2,2019-06-26 22:00:47,29,7.492131,46.983567,614
CWS,2,2019-06-26 21:55:41,28.9,7.440507,46.998225,575
CWS,2,2019-06-26 22:01:05,NA,7.407225,46.873753,-999
CWS,2,2019-06-26 21:59:44,26.8,7.419838,46.92396,592
CWS,2,NA,NA,7.457709,46.961876,561
CWS,2,2019-06-26 21:53:23,29.5,7.441151,46.998833,580
CWS,2,NA,NA,7.403349,46.994925,604
CWS,2,2019-06-26 21:54:43,NA,7.47345,46.927853,-999
CWS,2,2019-06-26 21:55:34,28.2,7.476384,46.978063,555
CWS,2,2019-06-26 21:55:07,27.4,7.458784,46.985129,547
CWS,2,2019-06-26 21:56:40,NA,7.545666,46.877001,-999
CWS,2,2019-06-26 21:58:25,29.3,7.4278609,46.9292341,581
CWS,2,2019-06-26 21:53:13,27.8,7.441103,46.935,519
CWS,2,2019-06-26 21:57:48,29.4,7.3914873165676,46.945963055649,556
CWS,2,2019-06-26 21:58:10,28.7,7.4937277060625,46.95330943829,571
CWS,2,2019-06-26 21:56:44,28.1,7.424508,46.980519,575
CWS,2,2019-06-26 21:57:11,28.8,7.424581,46.95384,557
CWS,2,2019-06-26 22:00:08,30.1,7.437608,46.9541,557
CWS,2,2019-06-26 21:55:04,27.7,7.454834,46.99823,530
CWS,2,2019-06-26 21:55:04,27.1,7.538521,46.899067,555
CWS,2,2019-06-26 21:59:32,31.3,7.435441,46.939872,528
CWS,2,2019-06-26 21:52:08,31.6,7.451518,46.960508,559
CWS,2,2019-06-26 21:59:21,29.4,7.4988874000001,46.968687,543
CWS,2,2019-06-26 21:52:24,29.8,7.447626,46.928757,562
CWS,2,2019-06-26 21:48:08,29.4,7.441307,46.9814192,-999
CWS,2,2019-06-26 21:52:09,NA,7.410202,46.9100879,668
CWS,2,2019-06-26 21:53:45,29.7,7.483602,47.012494,552
CWS,2,2019-06-26 21:58:18,NA,7.4580323,46.9619298,562
CWS,2,2019-06-26 21:51:50,NA,7.423537,46.9809,589
CWS,2,2019-06-26 22:00:21,27.7,7.434896,46.924704,635
CWS,2,2019-06-26 22:01:28,29.7,7.5016915,46.978699,623
CWS,2,2019-06-26 21:58:26,28.9,7.458465,46.955643,564
CWS,2,2019-06-26 21:46:43,30.4,7.42806,46.92859,598
CWS,2,2019-06-26 21:53:27,27.5,7.490526,46.972933,-999
CWS,2,2019-06-26 21:55:17,NA,7.484818,46.960169,554
CWS,2,2019-06-26 21:59:08,30,7.428068,46.946689,538
CWS,2,2019-06-26 22:00:58,29.5,7.46186,46.983763,542
CWS,2,2019-06-26 21:57:28,29.1,7.4327622000001,46.9379496,540
CWS,2,2019-06-26 21:53:54,NA,7.464355,46.965649,-999
CWS,2,NA,NA,7.447872,47.001315,-999
CWS,2,2019-06-26 21:52:19,29.9,7.435748,46.956348,562
CWS,2,2019-06-26 21:52:39,26.5,7.4810364,46.9728053,576
CWS,2,2019-06-26 21:53:27,28.3,7.4311358,46.9384338,-999
CWS,2,2019-06-26 21:59:35,NA,7.417102,46.972069,-999
CWS,2,2019-06-26 21:54:05,26.75,7.502603,46.88372,524
CWS,2,2019-06-26 21:53:24,29.7,7.4986483,46.9722062,579
CWS,2,2019-06-26 21:56:17,27,7.474028,46.94648,566
CWS,2,2019-06-26 21:55:10,30.5,7.468039,46.950988,575
CWS,2,2019-06-26 21:54:00,30.1,7.3945322,46.9501164,560
CWS,2,2019-06-26 21:58:39,28.4,7.534615,46.929496,603
CWS,2,2019-06-26 21:58:14,30.2,7.4969515,46.8978,520
CWS,2,2019-06-26 21:54:22,31.3,7.4458447,46.9555802,543
CWS,2,2019-06-26 21:54:01,28.6,7.4275652,46.9220007,637
CWS,2,2019-06-26 21:55:10,28.6,7.5088548660278,46.931882912494,566
CWS,2,2019-06-26 21:59:13,29.8,7.5242920000001,46.95858,562
CWS,2,2019-06-26 21:53:02,NA,7.4970367,46.9412305,609
CWS,2,2019-06-26 21:55:43,29.4,7.428026,46.954736,558
CWS,2,NA,27.4,7.4808611999999,46.9549059,558
CWS,2,2019-06-26 21:57:48,29.8,7.450103,47.018766,559
CWS,2,NA,NA,7.422607,46.973454,498
CWS,2,2019-06-26 21:57:53,29.3,7.495994030891,46.897851525541,519
CWS,2,2019-06-26 21:54:31,27.3,7.489371,47.020132,525
CWS,2,2019-06-26 21:57:55,NA,7.4151792375733,47.006096914618,612
CWS,2,NA,NA,7.419095,46.935688,-999
CWS,2,2019-06-26 21:55:35,NA,7.454115,46.947734,535
CWS,2,2019-06-26 21:59:41,29.8,7.49361,46.898351,-999
CWS,2,2019-06-26 21:54:08,28,7.412093,46.94328,552
CWS,2,2019-06-26 21:59:15,26.7,7.39566,46.885743,737
CWS,2,2019-06-26 21:53:14,31,7.455359,46.956207,564
CWS,2,NA,NA,7.504165,46.933265,562
CWS,2,2019-06-26 22:01:04,28.5,7.4230158960055,46.97374169685,500
CWS,2,2019-06-26 21:59:58,NA,7.497794,46.901164,517
CWS,2,2019-06-26 21:57:52,31,7.456096,46.987862,526
CWS,2,2019-06-26 21:56:05,29.5,7.463844,46.92104,563
CWS,2,2019-06-26 22:00:27,NA,7.5074000358582,46.893299102783,-999
CWS,2,2019-06-26 21:52:08,29.2,7.4864001274109,46.926601409912,-999
CWS,2,2019-06-26 21:59:23,30.2,7.5089998245239,46.933101654053,-999
CWS,2,2019-06-26 22:01:21,27.2,7.4145002365112,46.925800323486,436
CWS,2,2019-06-26 22:01:06,27.9,7.4345998764038,46.925399780273,-999
CWS,2,NA,NA,7.4461998939514,46.956199645996,-999
CWS,2,2019-06-26 21:52:07,NA,7.4499001502991,46.939399719238,-999
CWS,2,2019-06-26 21:51:42,29.4,7.4548997879028,46.950401306152,-999
CWS,2,2019-06-26 21:57:57,28,7.4384999275208,46.978000640869,-999
CWS,2,2019-06-26 22:00:19,27.6,7.4713001251221,46.94580078125,522
CWS,2,2019-06-26 21:57:56,27.2,7.4839000701904,47.016799926758,444
CWS,2,2019-06-26 21:55:01,29,7.4173002243042,46.999698638916,-999
CWS,2,2019-06-26 21:59:16,29.2,7.489168,46.959118,551
CWS,2,2019-06-26 21:57:15,27.5,7.4204724010467,46.927516062222,568
CWS,2,2019-06-26 21:57:50,30.5,7.4231850216518,46.933562077417,613
CWS,2,2019-06-26 22:00:36,27,7.5457147582736,46.956269378285,602
CWS,2,2019-06-26 21:52:57,28.3,7.53672,46.956749,567
CWS,2,2019-06-26 21:53:56,29.3,7.4260001182556,46.961601257324,436
CWS,2,2019-06-26 21:52:09,NA,7.4757812,46.9719757,606
CWS,2,NA,NA,7.3861386,46.944361,559
CWS,2,2019-06-26 21:59:47,29.1,7.4736761,46.9354406,553
CWS,2,2019-06-26 21:52:03,27.6,7.441155,46.925391,663
CWS,2,2019-06-26 21:58:47,29.9,7.4566,47.0184895,561
CWS,2,2019-06-26 21:51:32,29.7,7.445795,46.941068,507
CWS,2,2019-06-26 21:59:47,28.2,7.4209767,46.9282435,564
CWS,2,2019-06-26 21:54:41,28,7.5286998748779,46.962501525879,-999
CWS,2,NA,NA,7.4489998817444,47.020900726318,-999
CWS,2,2019-06-26 21:52:35,30.5,7.4557013562981,46.990758676104,538
CWS,2,2019-06-26 21:54:52,NA,7.4344614356742,46.938152381874,-999
CWS,2,2019-06-26 21:54:28,NA,7.500771,46.980126,597
CWS,2,NA,NA,7.502605,46.984535,-999
CWS,2,2019-06-26 21:57:14,28.8,7.4546987,46.9961179,560
CWS,2,NA,NA,7.5426968,46.8959382,529
CWS,2,2019-06-26 21:52:30,28.1,7.394748,46.968891,499
CWS,2,2019-06-26 21:59:01,29.1,7.48333,46.95528,556
CWS,2,2019-06-26 21:57:54,NA,7.412302,46.924645,577
CWS,2,2019-06-26 21:59:59,27.1,7.492586,46.976808,599
CWS,2,2019-06-26 21:58:04,27.4,7.445463,47.002276,580
CWS,2,2019-06-26 21:53:18,NA,7.454218,47.018142,562
CWS,2,2019-06-26 21:54:59,28,7.500587,46.977559,615
CWS,2,2019-06-26 21:59:04,30.6,7.44327,46.943614,508
CWS,2,2019-06-26 21:48:28,27.7,7.458103,46.931825,517
CWS,2,2019-06-26 21:51:50,29.5,7.478327,46.933852,552
CWS,2,NA,NA,7.4080319,46.9270014,611
CWS,2,2019-06-26 21:52:35,NA,7.459884,46.963472,558
CWS,2,2019-06-26 21:59:20,29.7,7.4254360713847,46.941235868933,552
CWS,2,NA,NA,7.49389,47.020841,523
CWS,2,2019-06-26 21:52:30,NA,7.445642,46.990234,538
CWS,2,2019-06-26 21:59:31,28.5,7.478745,46.944358,-999
CWS,2,2019-06-26 21:54:42,30.1,7.446179,47.002729,579
CWS,2,NA,NA,7.430277,46.883455,889
CWS,2,2019-06-26 21:55:42,27,7.487395,46.97643,569
CWS,2,2019-06-26 22:00:38,30.8,7.507386,46.881251,553
CWS,2,NA,NA,7.4260105,46.9493625,555
CWS,2,NA,NA,7.458636,46.987557,550
CWS,2,2019-06-26 22:01:39,31.6,7.453056,46.947579,542
CWS,2,2019-06-26 21:54:40,NA,7.54385,46.927131,-999
CWS,2,2019-06-26 22:00:58,28,7.427421,46.930407,571
CWS,2,2019-06-26 21:54:36,26.8,7.4770596,46.9316579,547
CWS,2,2019-06-26 21:54:15,30.3,7.528085,46.95883,-999
CWS,2,NA,NA,7.542116,46.890828,524
CWS,2,2019-06-26 22:00:40,NA,7.3885955102811,46.941244918897,-999
CWS,2,2019-06-26 22:01:04,NA,7.4857898,46.9797014,590
CWS,2,2019-06-26 21:54:24,27.3,7.482016,46.944855,556
CWS,2,2019-06-26 21:57:14,28.3,7.4892048,47.0110202,556
CWS,2,2019-06-26 21:51:49,NA,7.394022,46.944529,560
CWS,2,2019-06-26 21:54:12,NA,7.396073,46.947351,553
CWS,2,2019-06-26 21:56:22,29.5,7.46391,46.920976,563
CWS,2,2019-06-26 21:57:29,NA,7.4710001945496,46.910301208496,570
CWS,2,2019-06-26 21:51:37,29.1,7.508901,46.954489,630
CWS,2,2019-06-26 21:55:26,28.1,7.460041,46.995785,560
CWS,2,2019-06-26 21:59:31,29.6,7.3961201,46.9360459,562
CWS,2,2019-06-26 21:53:25,NA,7.5427482,46.8996419,541
CWS,2,2019-06-26 21:51:49,29.2,7.457319,47.025306,536
CWS,2,2019-06-26 21:55:14,28.1,7.458561,46.987557,550
CWS,2,2019-06-26 21:52:31,30,7.5025827,46.9788785,626
CWS,2,2019-06-26 21:53:10,29.1,7.4956645,46.954951,572
CWS,2,2019-06-26 21:53:32,29.9,7.4594346,46.9604446,558
CWS,2,2019-06-26 22:01:05,30.5,7.390832,46.939779,562
CWS,2,2019-06-26 21:57:06,NA,7.441978,46.932206,544
CWS,2,2019-06-26 21:58:53,29.6,7.417466,46.939649,557
CWS,2,2019-06-26 21:58:24,NA,7.453984,46.95857,565
CWS,2,2019-06-26 21:50:03,NA,7.4805881,46.9734137,530
CWS,2,2019-06-26 21:59:36,29.4,7.512261,46.931935,570
CWS,2,2019-06-26 21:56:29,28.6,7.496406,46.9777,587
CWS,2,2019-06-26 21:56:59,NA,7.49737,46.888072,531
CWS,2,2019-06-26 21:51:21,NA,7.503233,46.934145,564
CWS,2,2019-06-26 21:52:15,NA,7.502838,47.024398,517
CWS,2,2019-06-26 21:58:13,NA,7.501129,46.974445,599
CWS,2,2019-06-26 21:57:23,NA,7.498764,46.941323,561
CWS,2,NA,NA,7.470347,46.951768,575
CWS,2,NA,NA,7.456148,47.015006,564
CWS,2,NA,NA,7.502349,46.887126,521
CWS,2,NA,NA,7.454001,46.947773,539
CWS,2,NA,NA,7.4757489,46.9719883,-999
CWS,2,NA,NA,7.403191,46.995242,590
CWS,2,NA,NA,7.483084,46.947425,556
CWS,2,NA,NA,7.384614,46.985682,626
CWS,2,NA,NA,7.498300075531,46.891300201416,519
CWS,2,NA,NA,7.485994,46.953849,555
CWS,2,NA,NA,7.465731,46.938187,548
CWS,2,NA,NA,7.4515333175647,46.945214820616,507
CWS,2,NA,NA,7.43861,46.95083,561
CWS,2,NA,NA,7.4279951600321,46.946829594327,541
CWS,2,NA,NA,7.4079587778027,46.919950305467,582
CWS,2,NA,NA,7.4113932,46.9237773,587
CWS,2,NA,NA,7.4338150299293,46.934980216265,548
CWS,2,NA,NA,7.3918991,46.9339012,564
CWS,2,NA,NA,7.4799683,46.9609625,554
CWS,2,NA,NA,7.505425,46.877959,544
CWS,2,NA,NA,7.460622,46.995597,561
CWS,2,NA,NA,7.44702,46.951716,522
CWS,2,NA,NA,7.44175,46.973581,511
CWS,2,NA,NA,7.4975585,46.8977372,517
CWS,2,NA,NA,7.4293248,46.944256,532
CWS,2,NA,NA,7.448923,46.951359,511
CWS,2,NA,NA,7.497727,46.985524,650
CWS,2,NA,NA,7.471201,46.980317,549
CWS,2,NA,NA,7.506693,46.931892,561
CWS,2,NA,NA,7.5305558,46.9571036,556
CWS,2,NA,NA,7.486039,46.953829,555
CWS,2,NA,NA,7.436207,46.951283,565
CWS,2,NA,NA,7.4944887,46.9414472,560
CWS,2,NA,NA,7.389164,46.948211,560
CWS,2,NA,NA,7.455374,46.94095,551
CWS,2,NA,NA,7.53472,46.929411,601
CWS,2,NA,NA,7.49754,46.887976,531
CWS,2,NA,NA,7.471289,46.9803,549
CWS,2,NA,NA,7.4086999893188,46.923400878906,595
CWS,2,NA,NA,7.5429074,46.8996453,542
CWS,2,NA,NA,7.4167446915152,46.935987014676,555
CWS,2,NA,NA,7.4359902050832,46.945450705175,542
CWS,2,NA,NA,7.4594336,46.9604043,558
CWS,2,NA,NA,7.495114,47.022766,520
CWS,2,NA,NA,7.473952,46.946532,574
CWS,2,NA,NA,7.432678,46.937641,544
CWS,2,NA,NA,7.449059,46.937306,528
CWS,2,NA,NA,7.48922,46.975015,570
CWS,2,NA,NA,7.4509613058443,46.946318169068,515
CWS,2,NA,NA,7.4413623914699,46.93211092265,544
CWS,2,NA,NA,7.394768,46.96891,499
CWS,2,NA,NA,7.420454,46.927404,565
CWS,2,NA,NA,7.4102376,46.9103101,661
CWS,2,NA,NA,7.477993,47.017347,536
CWS,2,NA,NA,7.509965,46.938037,603
CWS,2,NA,NA,7.440388,46.978988,512
CWS,2,NA,NA,7.44358,46.961146,517
CWS,2,NA,NA,7.3919954,46.9349259,565
CWS,2,NA,NA,7.460193,46.995851,560
CWS,2,NA,NA,7.4736919,46.935552,553
CWS,2,NA,NA,7.458556,46.955595,562
CWS,2,NA,NA,7.5053000450134,47.019500732422,532
CWS,2,NA,NA,7.4114038,46.9237937,587
CWS,2,NA,NA,7.423926,46.97361,500
CWS,2,NA,NA,7.455702,47.025135,551
CWS,2,NA,NA,7.4717166720974,46.95080587322,575
CWS,2,NA,NA,7.445486,47.002293,580
CWS,2,NA,NA,7.5305301,46.957176,556
CWS,2,NA,NA,7.458628,46.955577,562
CWS,2,NA,NA,7.412417,46.972796,565
CWS,2,NA,NA,7.435701,46.956361,563
CWS,2,NA,NA,7.4101908465683,46.910581217246,655
CWS,2,NA,NA,7.4143813618896,47.001303738354,599
