"ID","Year","DOY","HHMM","Seconds","Temp.degC","RelHum.percent","CO2.ppm","H2O.degC","Tdew.","Tfrost.","TIMESTAMP","TNUM","X","Y","Z","dateAndTime","TIMESTAMP_CEST","Equal_Temp_Flag","NbrofSats_Flag","Implausible_Flag","Route_Flag","log_dist_mean","log_dist","log_dist_name","log_temp_weighted_mean","log_temp","log_number_of_log","log_temp_difference","log_dist_mean.1","log_dist.1","log_dist_name.1","log_temp_weighted_mean.1","log_temp.1","log_number_of_log.1","log_temp_difference.1","log_temp_night_weighted_mean","delta_T_log","bicycle_T_diurnal_corrected","delta_T_log_interpolated","bicycle_T_diurnal_corr_interpolated"
107,2019,177,2300,NA,24.12,72.2,521.6,18.1,12.69,3.101,"2019-06-26 23:00:00",1561590000,7.432083,46.94063,544,2019-06-26 23:00:00,"2019-06-27 01:00:00",NA,NA,NA,NA,112.992110128169,"59.4084231643528, 166.575797091986","Log_53,Log_80",24.9427290513557,"25.805, 22.525",2,0.82272905135569,154.431127546853,"237.309162384219, 59.4084231643528, 166.575797091986","Log_36,Log_53,Log_80",25.0164568108022,"25.416, 25.805, 22.525",3,0.896456810802164,22.5,2.4427290513557,21.6772709486443,NA,21.6772709486443
107,2019,177,2300,10,24.17,72.3,525.6,18.14,12.7,3.101,"2019-06-26 23:00:10",1561590010,7.431776,46.94057,542,2019-06-26 23:00:10,"2019-06-27 01:00:10",NA,NA,NA,NA,101.365527390015,"40.5897537444925, 162.141301035537","Log_53,Log_80",25.1482955181613,"25.805, 22.525",2,0.978295518161282,154.356390521815,"260.338116785416, 40.5897537444925, 162.141301035537","Log_36,Log_53,Log_80",25.1779761113973,"25.416, 25.805, 22.525",3,1.00797611139732,22.5,2.6482955181613,21.5217044818387,NA,21.5217044818387
107,2019,177,2300,20,24.18,72.2,525.3,18.15,12.69,3.101,"2019-06-26 23:00:20",1561590020,7.431338,46.94082,539,2019-06-26 23:00:20,"2019-06-27 01:00:20",NA,NA,NA,NA,65.523675005075,"5.59175955540905, 125.455590454741","Log_53,Log_80",25.6650431726371,"25.805, 22.525",2,1.48504317263705,135.618354692647,"275.807714067792, 5.59175955540905, 125.455590454741","Log_36,Log_53,Log_80",25.6603015169044,"25.416, 25.805, 22.525",3,1.4803015169044,22.5,3.1650431726371,21.0149568273629,NA,21.0149568273629
107,2019,177,2300,30,24.18,72,526.3,18.1,12.7,3.101,"2019-06-26 23:00:30",1561590030,7.431013,46.94134,538,2019-06-26 23:00:30,"2019-06-27 01:00:30",NA,NA,NA,NA,66.1846571758197,"67.8078204121956, 64.5614939394438","Log_53,Log_80",24.1247793836027,"25.805, 22.525",2,-0.0552206163973175,137.750439069162,"280.882002855846, 67.8078204121956, 64.5614939394438","Log_36,Log_53,Log_80",24.2607984771504,"25.416, 25.805, 22.525",3,0.0807984771503669,22.5,1.6247793836027,22.5552206163973,NA,22.5552206163973
107,2019,177,2300,40,24.18,72,527.2,18.09,12.69,3.101,"2019-06-26 23:00:40",1561590040,7.430774,46.94174,540,2019-06-26 23:00:40,"2019-06-27 01:00:40",NA,NA,NA,NA,70.4044857451263,"115.846553474321, 24.9624180159316","Log_53,Log_80",23.1064738239028,"25.805, 22.525",2,-1.07352617609721,144.664735894612,"293.185236193584, 115.846553474321, 24.9624180159316","Log_36,Log_53,Log_80",23.2576616666115,"25.416, 25.805, 22.525",3,-0.922338333388481,22.5,0.6064738239028,23.5735261760972,NA,23.5735261760972
107,2019,177,2300,50,24.18,71.7,524.9,18.07,12.69,3.101,"2019-06-26 23:00:50",1561590050,7.430606,46.94218,541,2019-06-26 23:00:50,"2019-06-27 01:00:50",NA,NA,NA,NA,103.101930496582,"166.159748100515, 40.0441128926494","Log_53,Log_80",23.1619652326357,"25.805, 22.525",2,-1.0180347673643,171.253210245457,"307.555769743208, 166.159748100515, 40.0441128926494","Log_36,Log_53,Log_80",23.3759953938506,"25.416, 25.805, 22.525",3,-0.80400460614937,22.5,0.661965232635701,23.5180347673643,NA,23.5180347673643
107,2019,177,2301,NA,24.17,71.6,524.3,18.04,12.69,3.101,"2019-06-26 23:01:00",1561590060,7.430428,46.94255,544,2019-06-26 23:01:00,"2019-06-27 01:01:00",NA,NA,NA,NA,81.2903163669822,"81.2903163669822","V1",22.525,"22.525",1,-1.645,206.250595516981,"328.000578369663, 209.460891814298, 81.2903163669822","Log_36,Log_53,Log_80",23.7410911877433,"25.416, 25.805, 22.525",3,-0.428908812256655,NA,NA,NA,0.70044038997334,23.4695596100267
107,2019,177,2301,10,24.18,71.6,524.2,18.03,12.68,3.101,"2019-06-26 23:01:10",1561590070,7.430284,46.94294,550,2019-06-26 23:01:10,"2019-06-27 01:01:10",NA,NA,NA,NA,124.843966296758,"124.843966296758","V1",22.525,"22.525",1,-1.655,243.265872779154,"350.909239463921, 254.044412576782, 124.843966296758","Log_36,Log_53,Log_80",23.9544162596573,"25.416, 25.805, 22.525",3,-0.225583740342653,NA,NA,NA,0.73996640694309,23.4400335930569
107,2019,177,2301,20,24.18,71.5,526.2,18.02,12.69,3.101,"2019-06-26 23:01:20",1561590080,7.430136,46.94326,553,2019-06-26 23:01:20,"2019-06-27 01:01:20",NA,NA,NA,NA,161.936309374432,"161.936309374432","V1",22.525,"22.525",1,-1.655,276.012609948637,"374.743216623193, 291.358303848286, 161.936309374432","Log_36,Log_53,Log_80",24.070478332614,"25.416, 25.805, 22.525",3,-0.109521667386044,NA,NA,NA,0.77290776101815,23.4070922389818
107,2019,177,2301,30,24.18,71.5,524.5,18.01,12.69,3.101,"2019-06-26 23:01:30",1561590090,7.429696,46.94344,550,2019-06-26 23:01:30,"2019-06-27 01:01:30",NA,NA,NA,NA,194.839287492641,"194.839287492641","V1",22.525,"22.525",1,-1.655,310.072613299305,"413.537380944233, 321.841171461041, 194.839287492641","Log_36,Log_53,Log_80",24.137189837804,"25.416, 25.805, 22.525",3,-0.0428101621960231,NA,NA,NA,0.800842666428089,23.3791573335719
107,2019,177,2301,40,24.18,71.7,529.6,18.04,12.69,3.101,"2019-06-26 23:01:40",1561590100,7.429218,46.94359,546,2019-06-26 23:01:40,"2019-06-27 01:01:40",NA,NA,NA,NA,NA,NA,NA,NA,NA,NA,NA,379.337079484996,"482.840168740365, 453.56828210278, 352.333825394219, 228.606041702622","Log_16,Log_36,Log_53,Log_80",24.5166008405746,"26, 25.416, 25.805, 22.525",4,0.33660084057458,NA,NA,NA,0.830089924719733,23.3499100752803
107,2019,177,2301,50.13,24.2,71.9,530.7,18.12,12.68,3.101,"2019-06-26 23:01:50",1561590110,7.428646,46.94378,545,2019-06-26 23:01:50,"2019-06-27 01:01:50",NA,NA,NA,NA,NA,NA,NA,NA,NA,NA,NA,368.624118606817,"441.637460188451, 392.086327001179, 272.148568630822","Log_16,Log_53,Log_80",24.4373009907253,"26, 25.805, 22.525",3,0.237300990725263,NA,NA,NA,0.868011978485272,23.3319880215147
107,2019,177,2302,NA,24.25,71.8,530.2,18.14,12.7,3.101,"2019-06-26 23:02:00",1561590120,7.428133,46.94393,545,2019-06-26 23:02:00,"2019-06-27 01:02:00",NA,NA,NA,NA,NA,NA,NA,NA,NA,NA,NA,382.073693699836,"408.051251257017, 427.385904280254, 310.783925562238","Log_16,Log_53,Log_80",24.546772089387,"26, 25.805, 22.525",3,0.296772089387009,NA,NA,NA,0.901272469321666,23.3487275306783
107,2019,177,2302,10,24.25,71.7,531.8,18.15,12.69,3.101,"2019-06-26 23:02:10",1561590130,7.42768,46.94408,545,2019-06-26 23:02:10,"2019-06-27 01:02:10",NA,NA,NA,NA,NA,NA,NA,NA,NA,NA,NA,395.40251882367,"378.090212967153, 461.121459713064, 346.995883790792","Log_16,Log_53,Log_80",24.6436777011452,"26, 25.805, 22.525",3,0.393677701145187,NA,NA,NA,0.932116653419109,23.3178833465809
107,2019,177,2302,20,24.24,71.8,531.7,18.15,12.69,3.101,"2019-06-26 23:02:20",1561590140,7.427236,46.94434,545,2019-06-26 23:02:20,"2019-06-27 01:02:20",NA,NA,NA,NA,NA,NA,NA,NA,NA,NA,NA,364.966076342346,"338.523426367971, 391.408726316722","Log_16,Log_80",24.388385958473,"26, 22.525",2,0.148385958472975,NA,NA,NA,0.97034228944589,23.2696577105541
107,2019,177,2302,30.13,24.19,71.8,532.5,18.14,12.68,3.101,"2019-06-26 23:02:30",1561590150,7.427176,46.94467,548,2019-06-26 23:02:30,"2019-06-27 01:02:30",NA,NA,NA,NA,NA,NA,NA,NA,NA,NA,NA,361.650885576122,"302.702469715083, 420.599301437161","Log_16,Log_80",24.545709240302,"26, 22.525",2,0.355709240301987,NA,NA,NA,0.997501501475393,23.1924984985246
107,2019,177,2302,40,24.19,71.6,529.7,18.1,12.69,3.101,"2019-06-26 23:02:40",1561590160,7.427133,46.945,550,2019-06-26 23:02:40,"2019-06-27 01:02:40",NA,NA,NA,NA,NA,NA,NA,NA,NA,NA,NA,358.910911103687,"267.730405043218, 450.091417164156","Log_16,Log_80",24.7039079493791,"26, 22.525",2,0.513907949379107,NA,NA,NA,1.02492205223048,23.1650779477695
107,2019,177,2302,50,24.2,71.4,528.3,18.08,12.68,3.101,"2019-06-26 23:02:50",1561590170,7.427103,46.94528,555,2019-06-26 23:02:50,"2019-06-27 01:02:50",NA,NA,NA,NA,NA,NA,NA,NA,NA,NA,NA,357.166946255802,"238.721861668902, 475.612030842701","Log_16,Log_80",24.8386964723419,"26, 22.525",2,0.638696472341945,NA,NA,NA,1.04852232942762,23.1514776705724
107,2019,177,2303,NA,24.19,71.3,527.3,18.07,12.67,3.101,"2019-06-26 23:03:00",1561590180,7.427048,46.94568,557,2019-06-26 23:03:00,"2019-06-27 01:03:00",NA,NA,NA,NA,197.952532577946,"197.952532577946","V1",26,"26",1,1.81,197.952532577946,"197.952532577946","V1",26,"26",1,1.81,NA,NA,NA,1.08335320080083,23.1066467991992
107,2019,177,2303,10,24.19,71.3,525.2,18.05,12.69,3.101,"2019-06-26 23:03:10",1561590190,7.426976,46.94595,559,2019-06-26 23:03:10,"2019-06-27 01:03:10",NA,NA,NA,NA,169.966830835035,"169.966830835035","V1",26,"26",1,1.81,169.966830835035,"169.966830835035","V1",26,"26",1,1.81,NA,NA,NA,1.10841097760967,23.0815890223903
107,2019,177,2303,20,24.22,71.9,528.4,18.14,12.69,3.101,"2019-06-26 23:03:20",1561590200,7.426983,46.94618,556,2019-06-26 23:03:20,"2019-06-27 01:03:20",NA,NA,NA,NA,150.330637089268,"150.330637089268","V1",26,"26",1,1.78,150.330637089268,"150.330637089268","V1",26,"26",1,1.78,NA,NA,NA,1.12736865063641,23.0926313493636
107,2019,177,2303,30,24.2,72.6,532.5,18.27,12.69,3.101,"2019-06-26 23:03:30",1561590210,7.426943,46.94635,555,2019-06-26 23:03:30,"2019-06-27 01:03:30",NA,NA,NA,NA,134.58421651358,"134.58421651358","V1",26,"26",1,1.8,134.58421651358,"134.58421651358","V1",26,"26",1,1.8,NA,NA,NA,1.14304360819388,23.0569563918061
107,2019,177,2303,40,24.18,73,536.6,18.34,12.68,3.101,"2019-06-26 23:03:40",1561590220,7.426881,46.94647,554,2019-06-26 23:03:40,"2019-06-27 01:03:40",NA,NA,NA,NA,122.09302979959,"122.09302979959","V1",26,"26",1,1.82,122.09302979959,"122.09302979959","V1",26,"26",1,1.82,NA,NA,NA,1.15532129820968,23.0246787017903
107,2019,177,2303,50,24.18,73.1,528.6,18.33,12.69,3.101,"2019-06-26 23:03:50",1561590230,7.42679,46.94661,554,2019-06-26 23:03:50,"2019-06-27 01:03:50",NA,NA,NA,NA,106.901587130293,"106.901587130293","V1",26,"26",1,1.82,106.901587130293,"106.901587130293","V1",26,"26",1,1.82,NA,NA,NA,1.17031105033715,23.0096889496629
107,2019,177,2304,NA,24.18,72.7,525.7,18.25,12.69,3.101,"2019-06-26 23:04:00",1561590240,7.426771,46.94673,549,2019-06-26 23:04:00,"2019-06-27 01:04:00",NA,NA,NA,NA,98.1884935684147,"98.1884935684147","V1",26,"26",1,1.82,98.1884935684147,"98.1884935684147","V1",26,"26",1,1.82,NA,NA,NA,1.18102807766081,22.9989719223392
107,2019,177,2304,10,24.16,72.8,526.9,18.26,12.69,3.101,"2019-06-26 23:04:10",1561590250,7.426743,46.94684,547,2019-06-26 23:04:10,"2019-06-27 01:04:10",NA,NA,NA,NA,90.4819993165674,"90.4819993165674","V1",26,"26",1,1.84,90.4819993165674,"90.4819993165674","V1",26,"26",1,1.84,NA,NA,NA,1.19122090324956,22.9687790967504
107,2019,177,2304,20,24.11,72.9,526.4,18.25,12.68,3.101,"2019-06-26 23:04:20",1561590260,7.426658,46.94693,551,2019-06-26 23:04:20,"2019-06-27 01:04:20",NA,NA,NA,NA,80.5799275074337,"80.5799275074337","V1",26,"26",1,1.89,80.5799275074337,"80.5799275074337","V1",26,"26",1,1.89,NA,NA,NA,1.2017951726578,22.9082048273422
107,2019,177,2304,30,24.11,72.7,524.2,18.21,12.69,3.101,"2019-06-26 23:04:30",1561590270,7.426591,46.94701,561,2019-06-26 23:04:30,"2019-06-27 01:04:30",NA,NA,NA,NA,72.9161967898999,"72.9161967898999","V1",26,"26",1,1.89,72.9161967898999,"72.9161967898999","V1",26,"26",1,1.89,NA,NA,NA,1.21088442487357,22.8991155751264
107,2019,177,2304,40,24.11,72.7,524.1,18.18,12.69,3.101,"2019-06-26 23:04:40",1561590280,7.426478,46.94717,574,2019-06-26 23:04:40,"2019-06-27 01:04:40",NA,NA,NA,NA,61.5539519026324,"61.5539519026324","V1",26,"26",1,1.89,61.5539519026324,"61.5539519026324","V1",26,"26",1,1.89,NA,NA,NA,1.22829271050425,22.8817072894957
107,2019,177,2304,50,24.11,72.7,522.5,18.17,12.69,3.101,"2019-06-26 23:04:50",1561590290,7.426323,46.94733,586,2019-06-26 23:04:50,"2019-06-27 01:04:50",NA,NA,NA,NA,52.0927521622363,"52.0927521622363","V1",26,"26",1,1.89,52.0927521622363,"52.0927521622363","V1",26,"26",1,1.89,NA,NA,NA,1.24722688255159,22.8627731174484
107,2019,177,2305,NA,24.11,72.7,523.2,18.17,12.68,3.101,"2019-06-26 23:05:00",1561590300,7.426148,46.94748,596,2019-06-26 23:05:00,"2019-06-27 01:05:00",NA,NA,NA,NA,48.6172358911212,"48.6172358911212","V1",26,"26",1,1.89,48.6172358911212,"48.6172358911212","V1",26,"26",1,1.89,NA,NA,NA,1.26607371922341,22.8439262807766
107,2019,177,2305,10,24.11,72.6,520.8,18.16,12.67,3.101,"2019-06-26 23:05:10",1561590310,7.425981,46.94746,591,2019-06-26 23:05:10,"2019-06-27 01:05:10",NA,NA,NA,NA,38.2300286467588,"38.2300286467588","V1",25.902,"25.902",1,1.792,38.2300286467588,"38.2300286467588","V1",25.902,"25.902",1,1.792,NA,NA,NA,1.27054793198465,22.8394520680153
107,2019,177,2305,20,24.11,72.3,520.5,18.13,12.69,3.101,"2019-06-26 23:05:20",1561590320,7.425761,46.94731,581,2019-06-26 23:05:20,"2019-06-27 01:05:20",NA,NA,NA,NA,15.0320169885796,"15.0320169885796","V1",25.902,"25.902",1,1.792,15.0320169885796,"15.0320169885796","V1",25.902,"25.902",1,1.792,NA,NA,NA,1.26600073931787,22.8439992606821
107,2019,177,2305,30,24.15,71.9,515.1,18.1,12.67,3.101,"2019-06-26 23:05:30",1561590330,7.425495,46.94717,577,2019-06-26 23:05:30,"2019-06-27 01:05:30",NA,NA,NA,NA,13.507162782882,"13.507162782882","V1",25.902,"25.902",1,1.752,13.507162782882,"13.507162782882","V1",25.902,"25.902",1,1.752,NA,NA,NA,1.26368571032414,22.8863142896759
107,2019,177,2305,40,24.18,71.6,520.7,18.08,12.69,3.101,"2019-06-26 23:05:40",1561590340,7.425074,46.94711,576,2019-06-26 23:05:40,"2019-06-27 01:05:40",NA,NA,NA,NA,46.2374369579754,"46.2374369579754","V1",25.902,"25.902",1,1.722,46.2374369579754,"46.2374369579754","V1",25.902,"25.902",1,1.722,NA,NA,NA,1.27312722276392,22.9068727772361
107,2019,177,2305,50,24.18,71.6,523.9,18.12,12.67,3.101,"2019-06-26 23:05:50",1561590350,7.424478,46.94674,568,2019-06-26 23:05:50,"2019-06-27 01:05:50",NA,NA,NA,NA,103.623924149389,"103.623924149389","V1",25.902,"25.902",1,1.722,103.623924149389,"103.623924149389","V1",25.902,"25.902",1,1.722,NA,NA,NA,1.26150106201384,22.9184989379862
107,2019,177,2306,NA,24.18,71.8,526.8,18.13,12.69,3.101,"2019-06-26 23:06:00",1561590360,7.424023,46.94641,563,2019-06-26 23:06:00,"2019-06-27 01:06:00",NA,NA,NA,NA,152.451065502309,"152.451065502309","V1",25.902,"25.902",1,1.722,152.451065502309,"152.451065502309","V1",25.902,"25.902",1,1.722,NA,NA,NA,1.24847333549028,22.9315266645097
107,2019,177,2306,10,24.16,72,525,18.14,12.67,3.101,"2019-06-26 23:06:10",1561590370,7.423643,46.94629,560,2019-06-26 23:06:10,"2019-06-27 01:06:10",NA,NA,NA,NA,183.915223543731,"183.915223543731","V1",25.902,"25.902",1,1.742,183.915223543731,"183.915223543731","V1",25.902,"25.902",1,1.742,NA,NA,NA,1.24995248215995,22.91004751784
107,2019,177,2306,20,24.11,72.3,527.9,18.14,12.7,3.101,"2019-06-26 23:06:20",1561590380,7.423253,46.9462,557,2019-06-26 23:06:20,"2019-06-27 01:06:20",NA,NA,NA,NA,NA,NA,NA,NA,NA,NA,NA,214.411989232402,"214.411989232402","V1",25.902,"25.902",1,1.792,NA,NA,NA,1.25357684471544,22.8564231552846
107,2019,177,2306,30,24.07,72.7,529,18.16,12.67,3.101,"2019-06-26 23:06:30",1561590390,7.422836,46.94615,556,2019-06-26 23:06:30,"2019-06-27 01:06:30",NA,NA,NA,NA,NA,NA,NA,NA,NA,NA,NA,244.782172949291,"244.782172949291","V1",25.902,"25.902",1,1.832,NA,NA,NA,1.26027065621453,22.8097293437855
107,2019,177,2306,40,24.05,73.1,530.1,18.18,12.7,3.101,"2019-06-26 23:06:40",1561590400,7.422443,46.94614,555,2019-06-26 23:06:40,"2019-06-27 01:06:40",NA,NA,NA,NA,NA,NA,NA,NA,NA,NA,NA,382.636673481666,"271.997427588154, 493.275919375178","Log_16,Log_60",24.906098607215,"25.902, 23.1",2,0.856098607215017,NA,NA,NA,1.26851766704421,22.7814823329558
107,2019,177,2306,50,24,73.4,527.4,18.21,12.67,3.101,"2019-06-26 23:06:50",1561590410,7.422136,46.94617,554,2019-06-26 23:06:50,"2019-06-27 01:06:50",NA,NA,NA,NA,NA,NA,NA,NA,NA,NA,NA,387.148704386841,"291.96827883316, 482.329129940521","Log_16,Log_60",24.8454355481233,"25.902, 23.1",2,0.845435548123298,NA,NA,NA,1.27705656794908,22.7229434320509
107,2019,177,2307,NA,23.98,73.5,531.2,18.21,12.69,3.101,"2019-06-26 23:07:00",1561590420,7.421863,46.94619,551,2019-06-26 23:07:00,"2019-06-27 01:07:00",NA,NA,NA,NA,NA,NA,NA,NA,NA,NA,NA,392.253784787101,"310.422172154031, 474.085397420172","Log_16,Log_60",24.7932752915212,"25.902, 23.1",2,0.813275291521169,NA,NA,NA,1.2836516166136,22.6963483833864
107,2019,177,2307,10,23.95,74.4,537.2,18.31,12.68,3.101,"2019-06-26 23:07:10",1561590430,7.421243,46.9462,548,2019-06-26 23:07:10,"2019-06-27 01:07:10",NA,NA,NA,NA,NA,NA,NA,NA,NA,NA,NA,408.392478424218,"354.549185246628, 462.235771601807","Log_16,Log_60",24.6857106832938,"25.902, 23.1",2,0.735710683293842,NA,NA,NA,1.2944487100545,22.6555512899455
107,2019,177,2307,20,23.86,75.9,555.7,18.44,12.67,3.101,"2019-06-26 23:07:20",1561590440,7.420544,46.9463,547,2019-06-26 23:07:20,"2019-06-27 01:07:20",NA,NA,NA,NA,NA,NA,NA,NA,NA,NA,NA,423.588982088285,"402.597327126016, 444.580637050553","Log_16,Log_60",24.5704288799892,"25.902, 23.1",2,0.710428879989163,NA,NA,NA,1.30966668170591,22.5503333182941
107,2019,177,2307,30,23.72,77.6,586.7,18.59,12.69,3.101,"2019-06-26 23:07:30",1561590450,7.419955,46.94666,546,2019-06-26 23:07:30,"2019-06-27 01:07:30",NA,NA,NA,NA,NA,NA,NA,NA,NA,NA,NA,421.440545881203,"439.061625015239, 403.819466747166","Log_16,Log_60",24.4424220294937,"25.902, 23.1",2,0.72242202949371,NA,NA,NA,1.3369888932296,22.3830111067704
107,2019,177,2307,40,23.57,78.8,583.4,18.64,12.67,3.101,"2019-06-26 23:07:40",1561590460,7.41954,46.94697,546,2019-06-26 23:07:40,"2019-06-27 01:07:40",NA,NA,NA,NA,NA,NA,NA,NA,NA,NA,NA,419.658854827403,"467.3238320091, 371.993877645706","Log_16,Log_60",24.3418740045316,"25.902, 23.1",2,0.771874004531558,NA,NA,NA,1.35738328495804,22.212616715042
107,2019,177,2307,50.13,23.42,80.1,620.9,18.69,12.69,3.101,"2019-06-26 23:07:50",1561590470,7.419161,46.94726,547,2019-06-26 23:07:50,"2019-06-27 01:07:50",NA,NA,NA,NA,NA,NA,NA,NA,NA,NA,NA,420.376714215973,"495.596839844305, 345.156588587641","Log_16,Log_60",24.2503120041108,"25.902, 23.1",2,0.830312004110791,NA,NA,NA,1.37442536971814,22.0455746302819
107,2019,177,2308,NA,23.29,81,568.5,18.68,12.67,3.101,"2019-06-26 23:08:00",1561590480,7.418804,46.94757,549,2019-06-26 23:08:00,"2019-06-27 01:08:00",NA,NA,NA,NA,NA,NA,NA,NA,NA,NA,NA,319.272191530182,"319.272191530182","V1",23.1,"23.1",1,-0.189999999999998,NA,NA,NA,1.39064577323152,21.8993542267685
107,2019,177,2308,10,23.19,81.7,567.7,18.67,12.69,3.101,"2019-06-26 23:08:10",1561590490,7.418665,46.94776,550,2019-06-26 23:08:10,"2019-06-27 01:08:10",NA,NA,NA,NA,NA,NA,NA,NA,NA,NA,NA,303.129425893464,"303.129425893464","V1",23.1,"23.1",1,-0.0899999999999963,NA,NA,NA,1.40018824617819,21.7898117538218
107,2019,177,2308,20,23.13,82.1,560.6,18.67,12.67,3.101,"2019-06-26 23:08:20",1561590500,7.418676,46.9478,551,2019-06-26 23:08:20,"2019-06-27 01:08:20",NA,NA,NA,NA,NA,NA,NA,NA,NA,NA,NA,298.69242992492,"298.69242992492","V1",23.1,"23.1",1,-0.0299999999999976,NA,NA,NA,1.40247915662963,21.7275208433704
107,2019,177,2308,30.13,23.11,82.3,581.3,18.67,12.69,3.101,"2019-06-26 23:08:30",1561590510,7.418738,46.94802,554,2019-06-26 23:08:30,"2019-06-27 01:08:30",NA,NA,NA,NA,NA,NA,NA,NA,NA,NA,NA,274.295556935879,"274.295556935879","V1",23.1,"23.1",1,-0.00999999999999801,NA,NA,NA,1.41519490072872,21.6948050992713
107,2019,177,2308,40,23.08,82.8,582,18.76,12.67,3.101,"2019-06-26 23:08:40",1561590520,7.418723,46.94838,558,2019-06-26 23:08:40,"2019-06-27 01:08:40",NA,NA,NA,NA,NA,NA,NA,NA,NA,NA,NA,238.510695987582,"238.510695987582","V1",23.1,"23.1",1,0.0200000000000031,NA,NA,NA,1.43470691417415,21.6452930858258
107,2019,177,2308,50,23.01,83.3,585.6,18.77,12.69,3.101,"2019-06-26 23:08:50",1561590530,7.419158,46.94855,560,2019-06-26 23:08:50,"2019-06-27 01:08:50",NA,NA,NA,NA,NA,NA,NA,NA,NA,NA,NA,207.654492678636,"207.654492678636","V1",23.1,"23.1",1,0.0899999999999999,NA,NA,NA,1.45041175932688,21.5595882406731
107,2019,177,2309,NA,22.93,84.1,588.7,18.79,12.67,3.101,"2019-06-26 23:09:00",1561590540,7.419649,46.94868,563,2019-06-26 23:09:00,"2019-06-27 01:09:00",NA,NA,NA,NA,183.002016325269,"183.002016325269","V1",23.1,"23.1",1,0.170000000000005,335.195409100126,"487.388801874984, 183.002016325269","Log_16,Log_60",23.8648846550733,"25.902, 23.1",2,0.934884655073297,NA,NA,NA,1.46545998637776,21.4645400136222
107,2019,177,2309,10,22.86,84.8,582.9,18.81,12.69,3.101,"2019-06-26 23:09:10",1561590550,7.420084,46.94882,565,2019-06-26 23:09:10,"2019-06-27 01:09:10",NA,NA,NA,NA,163.496911340124,"163.496911340124","V1",23.1,"23.1",1,0.240000000000002,372.70632948552,"462.258201040414, 492.363876076022, 163.496911340124","Log_16,Log_25,Log_60",23.5368068988592,"25.902, 22.333, 23.1",3,0.676806898859184,NA,NA,NA,1.4809116194047,21.3790883805953
107,2019,177,2309,20,22.78,84.9,564.1,18.73,12.68,3.101,"2019-06-26 23:09:20",1561590560,7.419971,46.94918,559,2019-06-26 23:09:20,"2019-06-27 01:09:20",NA,NA,NA,NA,124.14866241538,"124.14866241538","V1",23.1,"23.1",1,0.32,356.769103974003,"487.009279298353, 459.149370208277, 124.14866241538","Log_16,Log_25,Log_60",23.4323257401064,"25.902, 22.333, 23.1",3,0.652325740106434,NA,NA,NA,1.50265924440709,21.2773407555929
107,2019,177,2309,30,22.72,85.2,555.8,18.69,12.67,3.101,"2019-06-26 23:09:30",1561590570,7.419811,46.9495,557,2019-06-26 23:09:30,"2019-06-27 01:09:30",NA,NA,NA,NA,91.5373914058865,"91.5373914058865","V1",23.1,"23.1",1,0.380000000000003,262.214632242885,"432.891873079884, 91.5373914058865","Log_25,Log_60",22.966122690012,"22.333, 23.1",2,0.246122690012051,NA,NA,NA,1.51865376483554,21.2013462351645
107,2019,177,2309,40,22.66,85.2,547.5,18.63,12.69,3.101,"2019-06-26 23:09:40",1561590580,7.419633,46.94983,555,2019-06-26 23:09:40,"2019-06-27 01:09:40",NA,NA,NA,NA,64.5300543453932,"64.5300543453932","V1",23.1,"23.1",1,0.440000000000001,236.371493374736,"408.212932404078, 64.5300543453932","Log_25,Log_60",22.9953034670631,"22.333, 23.1",2,0.335303467063074,NA,NA,NA,1.53173793314348,21.1282620668565
107,2019,177,2309,50,22.64,85.4,539.8,18.62,12.68,3.101,"2019-06-26 23:09:50",1561590590,7.419489,46.95018,553,2019-06-26 23:09:50,"2019-06-27 01:09:50",NA,NA,NA,NA,51.7842680772179,"51.7842680772179","V1",23.1,"23.1",1,0.460000000000001,217.186793564902,"382.589319052587, 51.7842680772179","Log_25,Log_60",23.0085613518131,"22.333, 23.1",2,0.368561351813142,NA,NA,NA,1.54312453387775,21.0968754661222
107,2019,177,2310,10,22.58,85.7,552.6,18.62,12.67,3.101,"2019-06-26 23:10:10",1561590610,7.420151,46.95039,558,2019-06-26 23:10:10,"2019-06-27 01:10:10",NA,NA,NA,NA,11.1172479218291,"11.1172479218291","V1",23.1,"23.1",1,0.52,172.819229614471,"334.521211307113, 11.1172479218291","Log_25,Log_60",23.0753299179291,"22.333, 23.1",2,0.49532991792908,NA,NA,NA,1.57600956276669,21.0039904372333
107,2019,177,2310,20,22.58,85.7,541.6,18.6,12.68,3.101,"2019-06-26 23:10:20",1561590620,7.420553,46.95045,559,2019-06-26 23:10:20,"2019-06-27 01:10:20",NA,NA,NA,NA,35.4623884016974,"35.4623884016974","V1",23.1,"23.1",1,0.520000000000003,174.295226152455,"313.128063903212, 35.4623884016974","Log_25,Log_60",23.0219724702032,"22.333, 23.1",2,0.441972470203197,NA,NA,NA,1.59458070497038,20.9854192950296
107,2019,177,2310,30,22.58,85.6,538.4,18.55,12.67,3.101,"2019-06-26 23:10:30",1561590630,7.420963,46.95061,563,2019-06-26 23:10:30,"2019-06-27 01:10:30",NA,NA,NA,NA,71.3862024991011,"71.3862024991011","V1",23.1,"23.1",1,0.520000000000003,177.270720042189,"283.155237585277, 71.3862024991011","Log_25,Log_60",22.9455660999634,"22.333, 23.1",2,0.365566099963434,NA,NA,NA,1.61956488613099,20.960435113869
107,2019,177,2310,40,22.58,85.6,539.4,18.57,12.68,3.101,"2019-06-26 23:10:40",1561590640,7.421433,46.95076,563,2019-06-26 23:10:40,"2019-06-27 01:10:40",NA,NA,NA,NA,110.767560266392,"110.767560266392","V1",23.1,"23.1",1,0.520000000000003,182.500477043151,"254.233393819911, 110.767560266392","Log_25,Log_60",22.867236995484,"22.333, 23.1",2,0.287236995484029,NA,NA,NA,1.64840926783208,20.9315907321679
107,2019,177,2310,50,22.58,85.3,538.9,18.53,12.67,3.101,"2019-06-26 23:10:50",1561590650,7.421923,46.95088,563,2019-06-26 23:10:50,"2019-06-27 01:10:50",NA,NA,NA,NA,150.064653412479,"150.064653412479","V1",23.1,"23.1",1,0.520000000000007,293.719160601981,"499.64674943422, 231.446078959244, 150.064653412479","Log_16,Log_25,Log_60",23.2766547284311,"25.902, 22.333, 23.1",3,0.696654728431088,NA,NA,NA,1.67727727046264,20.9027227295374
107,2019,177,2311,NA,22.58,85.2,536.3,18.53,12.68,3.101,"2019-06-26 23:11:00",1561590660,7.422354,46.95093,564,2019-06-26 23:11:00,"2019-06-27 01:11:00",NA,NA,NA,NA,182.244019180204,"182.244019180204","V1",23.1,"23.1",1,0.520000000000003,296.762812763254,"486.410986328354, 221.633432781203, 182.244019180204","Log_16,Log_25,Log_60",23.2907835493043,"25.902, 22.333, 23.1",3,0.710783549304338,NA,NA,NA,1.68964700792118,20.8903529920788
107,2019,177,2311,10.13,22.58,85.2,549.8,18.58,12.67,3.101,"2019-06-26 23:11:10",1561590670,7.422679,46.95073,563,2019-06-26 23:11:10,"2019-06-27 01:11:10",NA,NA,NA,NA,198.639919446943,"198.639919446943","V1",23.1,"23.1",1,0.520000000000003,299.011004430083,"454.666936765052, 243.726157078255, 198.639919446943","Log_16,Log_25,Log_60",23.3660211289549,"25.902, 22.333, 23.1",3,0.786021128954889,NA,NA,NA,1.66328973510599,20.916710264894
107,2019,177,2311,20,22.63,85.5,558.6,18.67,12.68,3.101,"2019-06-26 23:11:20",1561590680,7.423118,46.95048,565,2019-06-26 23:11:20,"2019-06-27 01:11:20",NA,NA,NA,NA,NA,NA,NA,NA,NA,NA,NA,305.332391214029,"414.146034682152, 274.922897148155, 226.92824181178","Log_16,Log_25,Log_60",23.4801493176107,"25.902, 22.333, 23.1",3,0.850149317610658,NA,NA,NA,1.62615789063344,21.0038421093666
107,2019,177,2311,30,22.61,85.7,570.1,18.69,12.68,3.101,"2019-06-26 23:11:30",1561590690,7.423589,46.95027,561,2019-06-26 23:11:30,"2019-06-27 01:11:30",NA,NA,NA,NA,NA,NA,NA,NA,NA,NA,NA,314.838964026193,"377.27710427881, 305.431229591414, 261.808558208356","Log_16,Log_25,Log_60",23.6044734465683,"25.902, 22.333, 23.1",3,0.994473446568286,NA,NA,NA,1.58984060759967,21.0201593924003
107,2019,177,2311,40,22.58,85.8,561.4,18.72,12.66,3.101,"2019-06-26 23:11:40",1561590700,7.423983,46.9501,562,2019-06-26 23:11:40,"2019-06-27 01:11:40",NA,NA,NA,NA,NA,NA,NA,NA,NA,NA,NA,324.353778312085,"348.064776925805, 332.439630195064, 292.556927815387","Log_16,Log_25,Log_60",23.7175821967757,"25.902, 22.333, 23.1",3,1.13758219677567,NA,NA,NA,1.55957463791975,21.0204253620802
107,2019,177,2311,50,22.58,85.4,546.3,18.62,12.68,3.101,"2019-06-26 23:11:50",1561590710,7.424074,46.95027,565,2019-06-26 23:11:50,"2019-06-27 01:11:50",NA,NA,NA,NA,NA,NA,NA,NA,NA,NA,NA,326.410582146326,"363.321470178302, 317.181520670455, 298.728755590222","Log_16,Log_25,Log_60",23.6721596465692,"25.902, 22.333, 23.1",3,1.09215964656922,NA,NA,NA,1.56652866795245,21.0134713320475
107,2019,177,2312,NA,22.59,85,538.5,18.54,12.67,3.101,"2019-06-26 23:12:00",1561590720,7.423833,46.95043,564,2019-06-26 23:12:00,"2019-06-27 01:12:00",NA,NA,NA,NA,NA,NA,NA,NA,NA,NA,NA,320.41323362227,"386.386567967662, 294.047914443633, 280.805218455514","Log_16,Log_25,Log_60",23.5862146394222,"25.902, 22.333, 23.1",3,0.99621463942217,NA,NA,NA,1.58874215353157,21.0012578464684
107,2019,177,2312,10,22.64,84.3,542.8,18.5,12.67,3.101,"2019-06-26 23:12:10",1561590730,7.423559,46.95067,562,2019-06-26 23:12:10,"2019-06-27 01:12:10",NA,NA,NA,NA,NA,NA,NA,NA,NA,NA,NA,314.654474047662,"418.922428364216, 262.110770247433, 262.930223531338","Log_16,Log_25,Log_60",23.476025916924,"25.902, 22.333, 23.1",3,0.836025916924029,NA,NA,NA,1.61721237313164,21.0227876268684
107,2019,177,2312,20,22.69,84,549.1,18.54,12.67,3.101,"2019-06-26 23:12:20",1561590740,7.423161,46.95094,562,2019-06-26 23:12:20,"2019-06-27 01:12:20",NA,NA,NA,NA,NA,NA,NA,NA,NA,NA,NA,308.064371853377,"458.560701422299, 225.296545774408, 240.335868363423","Log_16,Log_25,Log_60",23.3510183240738,"25.902, 22.333, 23.1",3,0.661018324073801,NA,NA,NA,1.65315911326298,21.036840886737
107,2019,177,2312,30.13,22.71,83.4,543.3,18.53,12.67,3.101,"2019-06-26 23:12:30",1561590750,7.422825,46.95106,562,2019-06-26 23:12:30,"2019-06-27 01:12:30",NA,NA,NA,NA,NA,NA,NA,NA,NA,NA,NA,303.51910902695,"481.668393406946, 207.99188228381, 220.897051390094","Log_16,Log_25,Log_60",23.2866302352616,"25.902, 22.333, 23.1",3,0.576630235261632,NA,NA,NA,1.67830169983075,21.0316983001693
107,2019,177,2312,40,22.74,83.2,539.2,18.55,12.67,3.101,"2019-06-26 23:12:40",1561590760,7.422293,46.9512,561,2019-06-26 23:12:40,"2019-06-27 01:12:40",NA,NA,NA,NA,192.010155687239,"192.061479714321, 191.958831660157","Log_25,Log_60",22.7166025089757,"22.333, 23.1",2,-0.0233974910242836,192.010155687239,"192.061479714321, 191.958831660157","Log_25,Log_60",22.7166025089757,"22.333, 23.1",2,-0.0233974910242836,21,1.7166025089757,21.0233974910243,NA,21.0233974910243
107,2019,177,2312,50,22.78,84.1,547.7,18.66,12.67,3.101,"2019-06-26 23:12:50",1561590770,7.422056,46.95147,560,2019-06-26 23:12:50,"2019-06-27 01:12:50",NA,NA,NA,NA,180.394850871046,"165.185438973745, 195.604262768347","Log_25,Log_60",22.6841664304194,"22.333, 23.1",2,-0.0958335695805665,180.394850871046,"165.185438973745, 195.604262768347","Log_25,Log_60",22.6841664304194,"22.333, 23.1",2,-0.0958335695805665,21,1.6841664304194,21.0958335695806,NA,21.0958335695806
107,2019,177,2313,NA,22.78,84.6,540.2,18.79,12.66,3.101,"2019-06-26 23:13:00",1561590780,7.422298,46.9517,563,2019-06-26 23:13:00,"2019-06-27 01:13:00",NA,NA,NA,NA,136.772300096705,"136.772300096705","V1",22.333,"22.333",1,-0.447000000000003,181.642962462878,"136.772300096705, 226.51362482905","Log_25,Log_60",22.6217652589227,"22.333, 23.1",2,-0.158234741077262,NA,NA,NA,NA,NA
107,2019,177,2313,10,22.8,84.6,540.5,18.82,12.67,3.101,"2019-06-26 23:13:10",1561590790,7.422583,46.952,564,2019-06-26 23:13:10,"2019-06-27 01:13:10",NA,NA,NA,NA,102.355866310121,"102.355866310121","V1",22.333,"22.333",1,-0.467000000000002,183.882495312629,"102.355866310121, 265.409124315137","Log_25,Log_60",22.5464704266613,"22.333, 23.1",2,-0.2535295733387,NA,NA,NA,NA,NA
107,2019,177,2313,20,22.84,84.7,538.5,18.85,12.66,3.101,"2019-06-26 23:13:20",1561590800,7.422881,46.95241,565,2019-06-26 23:13:20,"2019-06-27 01:13:20",NA,NA,NA,NA,62.6771723739688,"62.6771723739688","V1",22.333,"22.333",1,-0.507000000000001,188.474252185362,"62.6771723739688, 314.271331996755","Log_25,Log_60",22.4605330466985,"22.333, 23.1",2,-0.379466953301517,NA,NA,NA,NA,NA
107,2019,177,2313,30,22.86,83.9,536.6,18.8,12.67,3.101,"2019-06-26 23:13:30",1561590810,7.422913,46.95276,566,2019-06-26 23:13:30,"2019-06-27 01:13:30",NA,NA,NA,NA,34.1526288943408,"34.1526288943408","V1",22.333,"22.333",1,-0.527000000000001,190.02090128331,"34.1526288943408, 345.889173672279","Log_25,Log_60",22.4019268027492,"22.333, 23.1",2,-0.458073197250801,NA,NA,NA,NA,NA
107,2019,177,2313,40,22.91,83.4,543,18.8,12.67,3.101,"2019-06-26 23:13:40",1561590820,7.422608,46.95295,568,2019-06-26 23:13:40,"2019-06-27 01:13:40",NA,NA,NA,NA,6.81011575854708,"6.81011575854708","V1",22.333,"22.333",1,-0.577000000000002,178.374566321206,"6.81011575854708, 349.939016883864","Log_25,Log_60",22.347641545862,"22.333, 23.1",2,-0.562358454138021,NA,NA,NA,NA,NA
107,2019,177,2313,50.13,22.92,83.4,546.8,18.86,12.66,3.101,"2019-06-26 23:13:50",1561590830,7.422513,46.95302,572,2019-06-26 23:13:50,"2019-06-27 01:13:50",NA,NA,NA,NA,11.1920587456313,"11.1920587456313","V1",22.333,"22.333",1,-0.587000000000003,286.261825352629,"11.1920587456313, 494.795787748522, 352.797629563734","Log_25,Log_33,Log_60",22.366354288688,"22.333, 22.812, 23.1",3,-0.553645711312043,NA,NA,NA,NA,NA
107,2019,177,2314,NA,22.93,83.7,551.8,18.95,12.67,3.101,"2019-06-26 23:14:00",1561590840,7.422504,46.95302,572,2019-06-26 23:14:00,"2019-06-27 01:14:00",NA,NA,NA,NA,11.2917985773935,"11.2917985773935","V1",22.333,"22.333",1,-0.597000000000001,286.135630590087,"11.2917985773935, 494.666296377093, 352.448796815774","Log_25,Log_33,Log_60",22.3666606262831,"22.333, 22.812, 23.1",3,-0.563339373716886,NA,NA,NA,NA,NA
107,2019,177,2314,10,22.91,83.9,549.2,18.97,12.66,3.101,"2019-06-26 23:14:10",1561590850,7.422496,46.95303,572,2019-06-26 23:14:10,"2019-06-27 01:14:10",NA,NA,NA,NA,12.4995813340085,"12.4995813340085","V1",22.333,"22.333",1,-0.577000000000002,286.35254986642,"12.4995813340085, 493.459948941162, 353.098119324091","Log_25,Log_33,Log_60",22.3700357162676,"22.333, 22.812, 23.1",3,-0.539964283732431,NA,NA,NA,NA,NA
107,2019,177,2314,20,22.91,83.9,548,18.95,12.67,3.101,"2019-06-26 23:14:20",1561590860,7.422494,46.95303,572,2019-06-26 23:14:20,"2019-06-27 01:14:20",NA,NA,NA,NA,12.5319905342332,"12.5319905342332","V1",22.333,"22.333",1,-0.577000000000002,286.328181880016,"12.5319905342332, 493.43141517069, 353.021139935124","Log_25,Log_33,Log_60",22.370132168134,"22.333, 22.812, 23.1",3,-0.539867831865955,NA,NA,NA,NA,NA
107,2019,177,2314,30,22.91,84,551.7,18.98,12.65,3.101,"2019-06-26 23:14:30",1561590870,7.422494,46.95304,572,2019-06-26 23:14:30,"2019-06-27 01:14:30",NA,NA,NA,NA,13.6189542680332,"13.6189542680332","V1",22.333,"22.333",1,-0.577000000000002,286.646397727227,"13.6189542680332, 492.33942778328, 353.980811130369","Log_25,Log_33,Log_60",22.3731068153145,"22.333, 22.812, 23.1",3,-0.536893184685518,NA,NA,NA,NA,NA
107,2019,177,2314,40,22.91,84.1,547.8,18.97,12.67,3.101,"2019-06-26 23:14:40",1561590880,7.422494,46.95304,572,2019-06-26 23:14:40,"2019-06-27 01:14:40",NA,NA,NA,NA,13.6189542680332,"13.6189542680332","V1",22.333,"22.333",1,-0.577000000000002,286.646397727227,"13.6189542680332, 492.33942778328, 353.980811130369","Log_25,Log_33,Log_60",22.3731068153145,"22.333, 22.812, 23.1",3,-0.536893184685518,NA,NA,NA,NA,NA
107,2019,177,2314,50,22.89,84.1,547.9,18.96,12.66,3.101,"2019-06-26 23:14:50",1561590890,7.422335,46.95312,574,2019-06-26 23:14:50,"2019-06-27 01:14:50",NA,NA,NA,NA,26.733721990749,"26.733721990749","V1",22.333,"22.333",1,-0.557000000000002,288.016139002011,"26.733721990749, 481.440682365939, 355.874012649346","Log_25,Log_33,Log_60",22.4074848065581,"22.333, 22.812, 23.1",3,-0.482515193441909,NA,NA,NA,NA,NA
107,2019,177,2315,NA,22.84,84.2,551.6,18.96,12.67,3.101,"2019-06-26 23:15:00",1561590900,7.42193,46.95323,576,2019-06-26 23:15:00,"2019-06-27 01:15:00",NA,NA,NA,NA,57.2166765042469,"57.2166765042469","V1",22.333,"22.333",1,-0.507000000000001,292.045816801246,"57.2166765042469, 465.106254538286, 353.814519361206","Log_25,Log_33,Log_60",22.4754112428002,"22.333, 22.812, 23.1",3,-0.364588757199833,NA,NA,NA,NA,NA
107,2019,177,2315,10,22.77,85.1,559.7,19.05,12.66,3.101,"2019-06-26 23:15:10",1561590910,7.421516,46.95336,574,2019-06-26 23:15:10,"2019-06-27 01:15:10",NA,NA,NA,NA,91.3820016370536,"91.3820016370536","V1",22.333,"22.333",1,-0.437000000000001,298.846152051657,"91.3820016370536, 448.374994826993, 356.781459690925","Log_25,Log_33,Log_60",22.4874834790132,"22.333, 22.717, 22.908",3,-0.282516520986825,NA,NA,NA,NA,NA
107,2019,177,2315,20,22.67,85.9,582.4,19.09,12.67,3.101,"2019-06-26 23:15:20",1561590920,7.42128,46.95318,569,2019-06-26 23:15:20,"2019-06-27 01:15:20",NA,NA,NA,NA,99.4464270397788,"99.4464270397788","V1",22.333,"22.333",1,-0.337000000000003,300.023136658139,"99.4464270397788, 468.025570544015, 332.597412390624","Log_25,Log_33,Log_60",22.5007278161074,"22.333, 22.717, 22.908",3,-0.169272183892588,NA,NA,NA,NA,NA
107,2019,177,2315,30,22.55,86.7,618.9,19.11,12.66,3.101,"2019-06-26 23:15:30",1561590930,7.421038,46.9535,568,2019-06-26 23:15:30,"2019-06-27 01:15:30",NA,NA,NA,NA,130.601182154945,"130.601182154945","V1",22.333,"22.333",1,-0.217000000000002,308.881996250142,"130.601182154945, 432.84334522284, 363.20146137264","Log_25,Log_33,Log_60",22.5271984325878,"22.333, 22.717, 22.908",3,-0.0228015674121735,NA,NA,NA,NA,NA
107,2019,177,2315,40,22.39,87.8,625.7,19.11,12.67,3.101,"2019-06-26 23:15:40",1561590940,7.420893,46.95394,566,2019-06-26 23:15:40,"2019-06-27 01:15:40",NA,NA,NA,NA,168.481899739085,"168.481899739085","V1",22.333,"22.333",1,-0.0569999999999986,320.94702428271,"168.481899739085, 384.666036217711, 409.693136891333","Log_25,Log_33,Log_60",22.5518217596345,"22.333, 22.717, 22.908",3,0.161821759634503,NA,NA,NA,NA,NA
107,2019,177,2315,50,22.21,89.2,621.7,19.12,12.67,3.101,"2019-06-26 23:15:50",1561590950,7.420775,46.95441,567,2019-06-26 23:15:50,"2019-06-27 01:15:50",NA,NA,NA,NA,NA,NA,NA,NA,NA,NA,NA,335.598749347675,"212.80255907097, 333.509217196506, 460.484471775549","Log_25,Log_33,Log_60",22.5761877708707,"22.333, 22.717, 22.908",3,0.36618777087066,NA,NA,NA,NA,NA
107,2019,177,2316,NA,22.04,90.7,623.8,19.12,12.65,3.101,"2019-06-26 23:16:00",1561590960,7.420653,46.95483,567,2019-06-26 23:16:00,"2019-06-27 01:16:00",NA,NA,NA,NA,NA,NA,NA,NA,NA,NA,NA,272.250079818245,"255.930944951251, 288.569214685238","Log_25,Log_33",22.5134911920079,"22.333, 22.717",2,0.473491192007899,NA,NA,NA,NA,NA
107,2019,177,2316,10,21.91,92.2,601.7,19.16,12.66,3.101,"2019-06-26 23:16:10",1561590970,7.420554,46.95525,569,2019-06-26 23:16:10,"2019-06-27 01:16:10",NA,NA,NA,NA,NA,NA,NA,NA,NA,NA,NA,271.884696646496,"299.531689346154, 244.237703946839","Log_25,Log_33",22.5445238005809,"22.333, 22.717",2,0.634523800580933,NA,NA,NA,NA,NA
107,2019,177,2316,20,21.81,93.2,595.9,19.17,12.65,3.101,"2019-06-26 23:16:20",1561590980,7.420405,46.9557,570,2019-06-26 23:16:20,"2019-06-27 01:16:20",NA,NA,NA,NA,199.333456746241,"199.333456746241","V1",22.717,"22.717",1,0.907,274.07907090449,"348.824685062739, 199.333456746241","Log_25,Log_33",22.5773613783096,"22.333, 22.717",2,0.767361378309634,NA,NA,NA,NA,NA
107,2019,177,2316,30.13,21.72,94.1,570.6,19.18,12.66,3.101,"2019-06-26 23:16:30",1561590990,7.420266,46.95618,566,2019-06-26 23:16:30,"2019-06-27 01:16:30",NA,NA,NA,NA,155.086039668973,"155.086039668973","V1",22.717,"22.717",1,0.997,278.194395931907,"401.302752194841, 155.086039668973","Log_25,Log_33",22.609965063093,"22.333, 22.717",2,0.889965063093033,NA,NA,NA,NA,NA
107,2019,177,2316,40,21.64,94.9,569.3,19.17,12.65,3.101,"2019-06-26 23:16:40",1561591000,7.42018,46.95662,562,2019-06-26 23:16:40,"2019-06-27 01:16:40",NA,NA,NA,NA,119.741419460555,"119.741419460555","V1",22.717,"22.717",1,1.077,284.141932007764,"448.542444554974, 119.741419460555","Log_25,Log_33",22.6360884908328,"22.333, 22.717",2,0.996088490832822,NA,NA,NA,NA,NA
107,2019,177,2316,50,21.58,95.7,579.2,19.2,12.67,3.101,"2019-06-26 23:16:50",1561591010,7.42051,46.95684,561,2019-06-26 23:16:50,"2019-06-27 01:16:50",NA,NA,NA,NA,84.6974347739442,"84.6974347739442","V1",22.717,"22.717",1,1.137,273.407438867462,"462.11744296098, 84.6974347739442","Log_25,Log_33",22.6575213422723,"22.333, 22.717",2,1.07752134227233,NA,NA,NA,NA,NA
107,2019,177,2317,NA,21.57,96.3,619.6,19.25,12.65,3.101,"2019-06-26 23:17:00",1561591020,7.421069,46.95691,563,2019-06-26 23:17:00,"2019-06-27 01:17:00",NA,NA,NA,NA,55.7261593728792,"55.7261593728792","V1",22.717,"22.717",1,1.147,256.511633418545,"457.29710746421, 55.7261593728792","Log_25,Log_33",22.675288743255,"22.333, 22.717",2,1.10528874325502,NA,NA,NA,NA,NA
107,2019,177,2317,10.13,21.56,96.8,619,19.3,12.67,3.101,"2019-06-26 23:17:10",1561591030,7.421763,46.95699,563,2019-06-26 23:17:10,"2019-06-27 01:17:10",NA,NA,NA,NA,57.6976844927737,"57.6976844927737","V1",22.717,"22.717",1,1.157,256.955352863625,"456.213021234477, 57.6976844927737","Log_25,Log_33",22.6738876254215,"22.333, 22.717",2,1.11388762542148,NA,NA,NA,NA,NA
107,2019,177,2317,20,21.51,97.1,631.1,19.28,12.66,3.101,"2019-06-26 23:17:20",1561591040,7.422294,46.95707,561,2019-06-26 23:17:20,"2019-06-27 01:17:20",NA,NA,NA,NA,84.9861516108328,"84.9861516108328","V1",22.717,"22.717",1,1.207,273.345557594985,"461.704963579137, 84.9861516108328","Log_25,Log_33",22.6573050803062,"22.333, 22.717",2,1.14730508030624,NA,NA,NA,NA,NA
107,2019,177,2317,30,21.46,97.5,593.1,19.28,12.67,3.101,"2019-06-26 23:17:30",1561591050,7.422666,46.95726,564,2019-06-26 23:17:30,"2019-06-27 01:17:30",NA,NA,NA,NA,106.482812451115,"106.482812451115","V1",22.717,"22.717",1,1.257,294.535755765812,"482.588699080509, 106.482812451115","Log_25,Log_33",22.6475866958752,"22.333, 22.717",2,1.18758669587515,NA,NA,NA,NA,NA
107,2019,177,2317,40,21.44,97.7,580.8,19.24,12.66,3.101,"2019-06-26 23:17:40",1561591060,7.423128,46.95729,569,2019-06-26 23:17:40,"2019-06-27 01:17:40",NA,NA,NA,NA,141.101936266466,"141.101936266466","V1",22.717,"22.717",1,1.277,314.521283748618,"487.940631230769, 141.101936266466","Log_25,Log_33",22.6308641066186,"22.333, 22.717",2,1.19086410661857,NA,NA,NA,NA,NA
107,2019,177,2317,50,21.38,97.8,564.4,19.21,12.65,3.101,"2019-06-26 23:17:50",1561591070,7.423454,46.95701,571,2019-06-26 23:17:50,"2019-06-27 01:17:50",NA,NA,NA,NA,170.784912019768,"170.784912019768","V1",22.717,"22.717",1,1.337,315.438953673548,"460.092995327329, 170.784912019768","Log_25,Log_33",22.6130473881684,"22.333, 22.717",2,1.23304738816839,NA,NA,NA,NA,NA
107,2019,177,2318,NA,21.37,98.1,583.3,19.18,12.66,3.101,"2019-06-26 23:18:00",1561591080,7.423781,46.95667,570,2019-06-26 23:18:00,"2019-06-27 01:18:00",NA,NA,NA,NA,NA,NA,NA,NA,NA,NA,NA,317.068171079601,"427.624957973702, 206.5113841855","Log_25,Log_33",22.5919474422847,"22.333, 22.717",2,1.2219474422847,NA,NA,NA,NA,NA
107,2019,177,2318,10,21.37,98.4,575.8,19.19,12.65,3.101,"2019-06-26 23:18:10",1561591090,7.424295,46.95651,569,2019-06-26 23:18:10,"2019-06-27 01:18:10",NA,NA,NA,NA,NA,NA,NA,NA,NA,NA,NA,335.291074655496,"421.107406042393, 249.474743268599","Log_25,Log_33",22.5741415873304,"22.333, 22.717",2,1.20414158733039,NA,NA,NA,NA,NA
107,2019,177,2318,20,21.37,98.8,572.5,19.2,12.66,3.101,"2019-06-26 23:18:20",1561591100,7.424853,46.95636,569,2019-06-26 23:18:20,"2019-06-27 01:18:20",NA,NA,NA,NA,NA,NA,NA,NA,NA,NA,NA,358.207892582897,"421.327186037715, 295.088599128078","Log_25,Log_33",22.5588320416559,"22.333, 22.717",2,1.18883204165587,NA,NA,NA,NA,NA
107,2019,177,2318,30,21.37,99,571.9,19.17,12.65,3.101,"2019-06-26 23:18:30",1561591110,7.425495,46.95624,572,2019-06-26 23:18:30,"2019-06-27 01:18:30",NA,NA,NA,NA,NA,NA,NA,NA,NA,NA,NA,388.995340987693,"432.622642781477, 345.368039193909","Log_25,Log_33",22.5465335276848,"22.333, 22.717",2,1.17653352768477,NA,NA,NA,NA,NA
107,2019,177,2318,40,21.4,98.9,566.1,19.14,12.66,3.101,"2019-06-26 23:18:40",1561591120,7.42609,46.95609,574,2019-06-26 23:18:40,"2019-06-27 01:18:40",NA,NA,NA,NA,NA,NA,NA,NA,NA,NA,NA,419.084259135144,"444.552608767733, 393.615909502555","Log_25,Log_33",22.5366681145208,"22.333, 22.717",2,1.13666811452081,NA,NA,NA,NA,NA
107,2019,177,2318,50,21.44,98.6,556.9,19.12,12.65,3.101,"2019-06-26 23:18:50",1561591130,7.426636,46.95586,574,2019-06-26 23:18:50,"2019-06-27 01:18:50",NA,NA,NA,NA,NA,NA,NA,NA,NA,NA,NA,446.987560014005,"452.230751253248, 441.744368774762","Log_25,Log_33",22.5272521716665,"22.333, 22.717",2,1.08725217166648,NA,NA,NA,NA,NA
107,2019,177,2319,NA,21.5,98,553.5,19.09,12.66,3.101,"2019-06-26 23:19:00",1561591140,7.427101,46.95572,578,2019-06-26 23:19:00,"2019-06-27 01:19:00",NA,NA,NA,NA,NA,NA,NA,NA,NA,NA,NA,473.633178245394,"466.862487407269, 480.403869083519","Log_25,Log_33",22.5222553176158,"22.333, 22.717",2,1.02225531761576,NA,NA,NA,NA,NA
107,2019,177,2319,10,21.56,97.3,547,19.08,12.65,3.101,"2019-06-26 23:19:10",1561591150,7.427661,46.95566,583,2019-06-26 23:19:10,"2019-06-27 01:19:10",NA,NA,NA,NA,NA,NA,NA,NA,NA,NA,NA,495.312263381572,"495.312263381572","V1",22.333,"22.333",1,0.773,NA,NA,NA,NA,NA
107,2019,177,2319,20,21.62,96.5,550.3,19.07,12.67,3.101,"2019-06-26 23:19:20",1561591160,7.428266,46.95545,586,2019-06-26 23:19:20,"2019-06-27 01:19:20",NA,NA,NA,NA,NA,NA,NA,NA,NA,NA,NA,NA,NA,NA,NA,NA,NA,NA,NA,NA,NA,NA,NA
107,2019,177,2319,30,21.69,95.6,558.8,19.06,12.65,3.101,"2019-06-26 23:19:30",1561591170,7.428806,46.9553,590,2019-06-26 23:19:30,"2019-06-27 01:19:30",NA,NA,NA,NA,NA,NA,NA,NA,NA,NA,NA,NA,NA,NA,NA,NA,NA,NA,NA,NA,NA,NA,NA
107,2019,177,2319,40,21.78,94.5,546.9,19.04,12.67,3.101,"2019-06-26 23:19:40",1561591180,7.429394,46.95509,595,2019-06-26 23:19:40,"2019-06-27 01:19:40",NA,NA,NA,NA,NA,NA,NA,NA,NA,NA,NA,NA,NA,NA,NA,NA,NA,NA,NA,NA,NA,NA,NA
107,2019,177,2319,50,21.87,93.3,551.1,19.02,12.65,3.101,"2019-06-26 23:19:50",1561591190,7.429886,46.95488,596,2019-06-26 23:19:50,"2019-06-27 01:19:50",NA,NA,NA,NA,NA,NA,NA,NA,NA,NA,NA,NA,NA,NA,NA,NA,NA,NA,NA,NA,NA,NA,NA
107,2019,177,2320,NA,21.98,92.2,557.1,19.01,12.65,3.101,"2019-06-26 23:20:00",1561591200,7.430341,46.9547,602,2019-06-26 23:20:00,"2019-06-27 01:20:00",NA,NA,NA,NA,NA,NA,NA,NA,NA,NA,NA,NA,NA,NA,NA,NA,NA,NA,NA,NA,NA,NA,NA
107,2019,177,2320,10,22.09,91,555,19.01,12.67,3.101,"2019-06-26 23:20:10",1561591210,7.430878,46.95439,608,2019-06-26 23:20:10,"2019-06-27 01:20:10",NA,NA,NA,NA,NA,NA,NA,NA,NA,NA,NA,NA,NA,NA,NA,NA,NA,NA,NA,NA,NA,NA,NA
107,2019,177,2320,20,22.21,89.4,549.1,18.99,12.65,3.101,"2019-06-26 23:20:20",1561591220,7.431376,46.95398,610,2019-06-26 23:20:20,"2019-06-27 01:20:20",NA,NA,NA,NA,NA,NA,NA,NA,NA,NA,NA,NA,NA,NA,NA,NA,NA,NA,NA,NA,NA,NA,NA
107,2019,177,2320,30,22.33,87.7,545.7,18.94,12.66,3.101,"2019-06-26 23:20:30",1561591230,7.431776,46.95382,611,2019-06-26 23:20:30,"2019-06-27 01:20:30",NA,NA,NA,NA,NA,NA,NA,NA,NA,NA,NA,471.458914505012,"471.458914505012","V1",23.196,"23.196",1,0.866000000000003,NA,NA,NA,NA,NA
107,2019,177,2320,40,22.45,85,530.7,18.78,12.65,3.101,"2019-06-26 23:20:40",1561591240,7.432191,46.95349,615,2019-06-26 23:20:40,"2019-06-27 01:20:40",NA,NA,NA,NA,NA,NA,NA,NA,NA,NA,NA,426.059997381593,"426.059997381593","V1",23.196,"23.196",1,0.746000000000002,NA,NA,NA,NA,NA
107,2019,177,2320,50,22.58,82.2,522.4,18.57,12.66,3.101,"2019-06-26 23:20:50",1561591250,7.432644,46.95322,616,2019-06-26 23:20:50,"2019-06-27 01:20:50",NA,NA,NA,NA,NA,NA,NA,NA,NA,NA,NA,381.692772118413,"381.692772118413","V1",23.196,"23.196",1,0.616000000000003,NA,NA,NA,NA,NA
107,2019,177,2321,NA,22.71,80.2,522.6,18.43,12.65,3.101,"2019-06-26 23:21:00",1561591260,7.433033,46.95296,620,2019-06-26 23:21:00,"2019-06-27 01:21:00",NA,NA,NA,NA,NA,NA,NA,NA,NA,NA,NA,342.584778763779,"342.584778763779","V1",23.196,"23.196",1,0.486000000000001,NA,NA,NA,NA,NA
107,2019,177,2321,10,22.82,79.3,527.5,18.41,12.66,3.101,"2019-06-26 23:21:10",1561591270,7.433411,46.9526,620,2019-06-26 23:21:10,"2019-06-27 01:21:10",NA,NA,NA,NA,NA,NA,NA,NA,NA,NA,NA,388.568634435256,"476.154798079002, 300.98247079151","Log_9,Log_69",22.6398423617429,"21.76, 23.196",2,-0.180157638257114,NA,NA,NA,NA,NA
107,2019,177,2321,20,22.9,78.8,528.3,18.41,12.66,3.101,"2019-06-26 23:21:20",1561591280,7.433841,46.95227,621,2019-06-26 23:21:20,"2019-06-27 01:21:20",NA,NA,NA,NA,NA,NA,NA,NA,NA,NA,NA,349.183101405131,"439.361654799095, 259.004548011167","Log_9,Log_69",22.6634276483493,"21.76, 23.196",2,-0.2365723516507,NA,NA,NA,NA,NA
107,2019,177,2321,30,22.91,78.2,525.2,18.36,12.66,3.101,"2019-06-26 23:21:30",1561591290,7.434233,46.95203,624,2019-06-26 23:21:30,"2019-06-27 01:21:30",NA,NA,NA,NA,NA,NA,NA,NA,NA,NA,NA,319.567419489843,"414.821263305481, 224.313575674204","Log_9,Log_69",22.6920151207179,"21.76, 23.196",2,-0.217984879282096,NA,NA,NA,NA,NA
107,2019,177,2321,40,22.93,77.8,522.3,18.29,12.65,3.101,"2019-06-26 23:21:40",1561591300,7.434585,46.95165,626,2019-06-26 23:21:40,"2019-06-27 01:21:40",NA,NA,NA,NA,194.577626731717,"194.577626731717","V1",23.196,"23.196",1,0.266000000000002,347.535637870081,"376.976428727139, 471.052858151388, 194.577626731717","Log_9,Log_48,Log_69",22.7706963744252,"21.76, 23.004, 23.196",3,-0.159303625574751,NA,NA,NA,NA,NA
107,2019,177,2321,50,22.98,77.4,522.4,18.25,12.66,3.101,"2019-06-26 23:21:50",1561591310,7.434841,46.95141,627,2019-06-26 23:21:50,"2019-06-27 01:21:50",NA,NA,NA,NA,177.955398187847,"177.955398187847","V1",23.196,"23.196",1,0.216000000000005,328.248020116316,"355.278830518668, 451.509831642433, 177.955398187847","Log_9,Log_48,Log_69",22.7765060299998,"21.76, 23.004, 23.196",3,-0.203493970000199,NA,NA,NA,NA,NA
107,2019,177,2322,NA,23.01,77.2,525.1,18.26,12.65,3.101,"2019-06-26 23:22:00",1561591320,7.435219,46.95121,631,2019-06-26 23:22:00,"2019-06-27 01:22:00",NA,NA,NA,NA,156.052104754463,"156.052104754463","V1",23.196,"23.196",1,0.186000000000003,307.59679934693,"342.765524967908, 423.972768318418, 156.052104754463","Log_9,Log_48,Log_69",22.7986847908765,"21.76, 23.004, 23.196",3,-0.211315209123537,NA,NA,NA,NA,NA
107,2019,177,2322,10,23.06,76.9,526.3,18.26,12.65,3.101,"2019-06-26 23:22:10",1561591330,7.435568,46.95102,632,2019-06-26 23:22:10,"2019-06-27 01:22:10",NA,NA,NA,NA,141.545861638935,"141.545861638935","V1",23.196,"23.196",1,0.136000000000003,336.445243303209,"470.561617577774, 333.788554489087, 399.88493950704, 141.545861638935","Log_1,Log_9,Log_48,Log_69",22.8842700885301,"23.292, 21.76, 23.004, 23.196",4,-0.175729911469936,NA,NA,NA,NA,NA
107,2019,177,2322,20,23.11,76.3,521.3,18.23,12.66,3.101,"2019-06-26 23:22:20",1561591340,7.435916,46.9507,626,2019-06-26 23:22:20,"2019-06-27 01:22:20",NA,NA,NA,NA,145.05429264142,"145.05429264142","V1",23.196,"23.196",1,0.0860000000000021,349.91471465808,"426.739635280239, 481.336107781837, 315.852602248142, 380.590935338762, 145.05429264142","Log_1,Log_6,Log_9,Log_48,Log_69",22.7046879855162,"23.292, 21.473, 21.76, 23.004, 23.196",5,-0.405312014483787,NA,NA,NA,NA,NA
107,2019,177,2322,30.13,23.12,76.2,526.2,18.19,12.65,3.101,"2019-06-26 23:22:30",1561591350,7.436515,46.95067,613,2019-06-26 23:22:30,"2019-06-27 01:22:30",NA,NA,NA,NA,123.996306892877,"123.996306892877","V1",23.196,"23.196",1,0.0760000000000005,334.505395252686,"404.718805576291, 466.071366546495, 340.325157475146, 337.415339772621, 123.996306892877","Log_1,Log_6,Log_9,Log_48,Log_69",22.7521501978261,"23.292, 21.473, 21.76, 23.004, 23.196",5,-0.367849802173946,NA,NA,NA,NA,NA
107,2019,177,2322,40,23.12,76.3,525.4,18.24,12.66,3.101,"2019-06-26 23:22:40",1561591360,7.437054,46.95077,607,2019-06-26 23:22:40,"2019-06-27 01:22:40",NA,NA,NA,NA,103.595068620854,"103.595068620854","V1",23.196,"23.196",1,0.0760000000000005,329.260154137247,"402.02007046982, 469.825697396322, 375.946731853288, 294.913202345949, 103.595068620854","Log_1,Log_6,Log_9,Log_48,Log_69",22.8072502848219,"23.292, 21.473, 21.76, 23.004, 23.196",5,-0.312749715178061,NA,NA,NA,NA,NA
107,2019,177,2322,50,23.12,76.4,527.1,18.26,12.65,3.101,"2019-06-26 23:22:50",1561591370,7.437478,46.95101,602,2019-06-26 23:22:50,"2019-06-27 01:22:50",NA,NA,NA,NA,80.9076280003321,"80.9076280003321","V1",23.196,"23.196",1,0.0760000000000005,333.881415239641,"420.666783424124, 493.340277780089, 417.554973779928, 256.93741321373, 80.9076280003321","Log_1,Log_6,Log_9,Log_48,Log_69",22.8727736042137,"23.292, 21.473, 21.76, 23.004, 23.196",5,-0.247226395786285,NA,NA,NA,NA,NA
107,2019,177,2323,NA,23.12,76.6,525.5,18.27,12.66,3.101,"2019-06-26 23:23:00",1561591380,7.437878,46.95131,596,2019-06-26 23:23:00,"2019-06-27 01:23:00",NA,NA,NA,NA,70.9645550507815,"70.9645550507815","V1",23.196,"23.196",1,0.0760000000000005,301.092787258078,"449.324797245671, 462.694182018444, 221.387614717414, 70.9645550507815","Log_1,Log_9,Log_48,Log_69",23.0326117689713,"23.292, 21.76, 23.004, 23.196",4,-0.0873882310286618,NA,NA,NA,NA,NA
107,2019,177,2323,10.13,23.12,76.9,529.6,18.31,12.65,3.101,"2019-06-26 23:23:10",1561591390,7.43763,46.95153,592,2019-06-26 23:23:10,"2019-06-27 01:23:10",NA,NA,NA,NA,41.8155179404388,"41.8155179404388","V1",23.196,"23.196",1,0.0760000000000005,306.216326316797,"475.885203439923, 468.130255485635, 239.03432840119, 41.8155179404388","Log_1,Log_9,Log_48,Log_69",23.0825328563961,"23.292, 21.76, 23.004, 23.196",4,-0.0374671436038803,NA,NA,NA,NA,NA
107,2019,177,2323,20,23.12,77.4,533.4,18.36,12.67,3.101,"2019-06-26 23:23:20",1561591400,7.437306,46.95177,590,2019-06-26 23:23:20,"2019-06-27 01:23:20",NA,NA,NA,NA,14.8405878895638,"14.8405878895638","V1",23.196,"23.196",1,0.0760000000000005,251.292082952097,"473.879521462087, 265.15613950464, 14.8405878895638","Log_9,Log_48,Log_69",23.1447553461853,"21.76, 23.004, 23.196",3,0.0247553461852661,NA,NA,NA,NA,NA
107,2019,177,2323,30,23.06,77.7,530.1,18.36,12.65,3.101,"2019-06-26 23:23:30",1561591410,7.436889,46.952,586,2019-06-26 23:23:30,"2019-06-27 01:23:30",NA,NA,NA,NA,38.436600946508,"38.436600946508","V1",23.196,"23.196",1,0.136000000000003,272.107669295054,"477.667159055686, 300.219247882967, 38.436600946508","Log_9,Log_48,Log_69",23.0800438256716,"21.76, 23.004, 23.196",3,0.020043825671614,NA,NA,NA,NA,NA
107,2019,177,2323,40,23.01,78.8,541.8,18.43,12.66,3.101,"2019-06-26 23:23:40",1561591420,7.43638,46.9523,582,2019-06-26 23:23:40,"2019-06-27 01:23:40",NA,NA,NA,NA,88.2964881352221,"88.2964881352221","V1",23.196,"23.196",1,0.186,307.460818307034,"488.834067963672, 345.251898822209, 88.2964881352221","Log_9,Log_48,Log_69",22.981234568844,"21.76, 23.004, 23.196",3,-0.0287654311560317,NA,NA,NA,NA,NA
107,2019,177,2323,50,22.9,79.7,539.9,18.51,12.64,3.101,"2019-06-26 23:23:50",1561591430,7.435761,46.95259,578,2019-06-26 23:23:50,"2019-06-27 01:23:50",NA,NA,NA,NA,144.253525613738,"144.253525613738","V1",23.196,"23.196",1,0.296000000000003,271.841027902816,"399.428530191894, 144.253525613738","Log_48,Log_69",23.1450572171325,"23.004, 23.196",2,0.245057217132551,NA,NA,NA,NA,NA
107,2019,177,2324,NA,22.85,79.7,527.1,18.43,12.67,3.101,"2019-06-26 23:24:00",1561591440,7.435539,46.95278,576,2019-06-26 23:24:00,"2019-06-27 01:24:00",NA,NA,NA,NA,171.080521465334,"171.080521465334","V1",23.196,"23.196",1,0.346,296.601364188872,"422.12220691241, 171.080521465334","Log_48,Log_69",23.140626923394,"23.004, 23.196",2,0.290626923394012,NA,NA,NA,NA,NA
107,2019,177,2324,10,22.85,79.4,524.5,18.38,12.66,3.101,"2019-06-26 23:24:10",1561591450,7.435499,46.95292,574,2019-06-26 23:24:10,"2019-06-27 01:24:10",NA,NA,NA,NA,184.389518591308,"184.389518591308","V1",23.196,"23.196",1,0.346,307.382720338437,"430.375922085567, 184.389518591308","Log_48,Log_69",23.1384125280521,"23.004, 23.196",2,0.288412528052078,NA,NA,NA,NA,NA
107,2019,177,2324,20,22.88,78.7,519.3,18.31,12.65,3.101,"2019-06-26 23:24:20",1561591460,7.434966,46.95309,574,2019-06-26 23:24:20,"2019-06-27 01:24:20",NA,NA,NA,NA,NA,NA,NA,NA,NA,NA,NA,350.733525835216,"475.046818135433, 226.420233534998","Log_48,Log_69",23.1340260487856,"23.004, 23.196",2,0.254026048785622,NA,NA,NA,NA,NA
107,2019,177,2324,30,22.95,77.9,522.8,18.24,12.67,3.101,"2019-06-26 23:24:30",1561591470,7.434778,46.95304,573,2019-06-26 23:24:30,"2019-06-27 01:24:30",NA,NA,NA,NA,NA,NA,NA,NA,NA,NA,NA,359.961875503588,"486.426866250863, 233.496884756312","Log_48,Log_69",23.1337275693287,"23.004, 23.196",2,0.18372756932871,NA,NA,NA,NA,NA
107,2019,177,2324,40,23.02,77.5,522.9,18.26,12.66,3.101,"2019-06-26 23:24:40",1561591480,7.434759,46.95305,573,2019-06-26 23:24:40,"2019-06-27 01:24:40",NA,NA,NA,NA,NA,NA,NA,NA,NA,NA,NA,361.744737834678,"488.169588816504, 235.319886852852","Log_48,Log_69",23.133550690376,"23.004, 23.196",2,0.113550690376048,NA,NA,NA,NA,NA
107,2019,177,2324,50,23.05,77.2,521.9,18.24,12.67,3.101,"2019-06-26 23:24:50",1561591490,7.434751,46.95305,573,2019-06-26 23:24:50,"2019-06-27 01:24:50",NA,NA,NA,NA,NA,NA,NA,NA,NA,NA,NA,362.264865247028,"488.740463260111, 235.789267233945","Log_48,Log_69",23.1335159673875,"23.004, 23.196",2,0.0835159673875019,NA,NA,NA,NA,NA
107,2019,177,2325,NA,23.09,77.1,521.4,18.24,12.65,3.101,"2019-06-26 23:25:00",1561591500,7.434738,46.95306,573,2019-06-26 23:25:00,"2019-06-27 01:25:00",NA,NA,NA,NA,NA,NA,NA,NA,NA,NA,NA,363.657887655567,"490.055555913276, 237.260219397858","Log_48,Log_69",23.1333670093916,"23.004, 23.196",2,0.0433670093916163,NA,NA,NA,NA,NA
107,2019,177,2325,10,23.05,74.3,511.7,17.61,12.67,3.101,"2019-06-26 23:25:10",1561591510,7.434728,46.95309,573,2019-06-26 23:25:10,"2019-06-27 01:25:10",NA,NA,NA,NA,NA,NA,NA,NA,NA,NA,NA,365.961642719614,"491.942137790225, 239.981147649003","Log_48,Log_69",23.0669524722949,"23.196, 23.004",2,0.0169524722949106,NA,NA,NA,NA,NA
107,2019,177,2325,20,23.05,72,539.1,17.22,12.66,3.101,"2019-06-26 23:25:20",1561591520,7.434726,46.9531,573.0016,2019-06-26 23:25:20,"2019-06-27 01:25:20",NA,NA,NA,NA,NA,NA,NA,NA,NA,NA,NA,366.647238181278,"492.479847623518, 240.814628739037","Log_48,Log_69",23.0670529892264,"23.196, 23.004",2,0.0170529892264391,NA,NA,NA,NA,NA
107,2019,177,2325,30,23.05,71.4,548.5,17.11,12.66,3.101,"2019-06-26 23:25:30",1561591530,7.434726,46.9531,573.0036,2019-06-26 23:25:30,"2019-06-27 01:25:30",NA,NA,NA,NA,NA,NA,NA,NA,NA,NA,NA,366.647238181278,"492.479847623518, 240.814628739037","Log_48,Log_69",23.0670529892264,"23.196, 23.004",2,0.0170529892264391,NA,NA,NA,NA,NA
107,2019,177,2325,40,23.05,71.2,550.8,17.06,12.66,3.101,"2019-06-26 23:25:40",1561591540,7.434726,46.9531,573.0056,2019-06-26 23:25:40,"2019-06-27 01:25:40",NA,NA,NA,NA,NA,NA,NA,NA,NA,NA,NA,366.647238181278,"492.479847623518, 240.814628739037","Log_48,Log_69",23.0670529892264,"23.196, 23.004",2,0.0170529892264391,NA,NA,NA,NA,NA
107,2019,177,2325,50.13,23.05,71.1,563.3,17.05,12.67,3.101,"2019-06-26 23:25:50",1561591550,7.434726,46.9531,573.0077,2019-06-26 23:25:50,"2019-06-27 01:25:50",NA,NA,NA,NA,NA,NA,NA,NA,NA,NA,NA,366.647238181278,"492.479847623518, 240.814628739037","Log_48,Log_69",23.0670529892264,"23.196, 23.004",2,0.0170529892264391,NA,NA,NA,NA,NA
107,2019,177,2326,NA,23.05,71.1,544.4,17.03,12.65,3.101,"2019-06-26 23:26:00",1561591560,7.434726,46.95309,573.0097,2019-06-26 23:26:00,"2019-06-27 01:26:00",NA,NA,NA,NA,NA,NA,NA,NA,NA,NA,NA,366.0910679046,"492.084483695368, 240.097652113832","Log_48,Log_69",23.0669607674802,"23.196, 23.004",2,0.0169607674802208,NA,NA,NA,NA,NA
