"time","time_orig","p_id","lon","lat","altitude","z","ta_int","UTM_x","UTM_y","cws_be_2019_meta$p_id"
2019-06-26 20:00:00,2019-06-26 19:58:32,5361,7.3943629616851,46.885989049692,724,725,NA,377672.128410907,5193746.01138738,5361
2019-06-26 20:00:00,2019-06-26 19:55:30,5362,7.383338,46.883334,659,659,NA,376826.11102413,5193468.22518794,5362
2019-06-26 20:00:00,2019-06-26 19:59:11,5365,7.38997,46.885852,664,662,33.9,377337.137221356,5193737.63998542,5365
2019-06-26 20:00:00,2019-06-26 19:57:07,5417,7.396762,46.938692,563,563,NA,377974.609657047,5199598.72181453,5417
2019-06-26 20:00:00,2019-06-26 19:57:08,5421,7.393031698846,46.943502964423,559,561,33.2,377701.652819822,5200139.14002772,5421
2019-06-26 20:00:00,2019-06-26 19:53:26,5422,7.383468,46.94838,564,560,33.7,376984.996023833,5200696.05185143,5422
2019-06-26 20:00:00,2019-06-26 19:52:51,5426,7.3906078,46.9393034,563,564,32.9,377507.605036511,5199676.25890243,5426
2019-06-26 20:00:00,2019-06-26 19:52:10,5430,7.383763216919,46.960911343438,491,494,32.5,377036.175782401,5202088.1031966,5430
2019-06-26 20:00:00,2019-06-26 19:57:42,5433,7.395193,46.969016,575,508,31.8,377924.185093551,5202970.84547249,5433
2019-06-26 20:00:00,2019-06-26 19:57:10,5434,7.388242,46.935403,877,567,31.3,377318.634684021,5199246.53677307,5434
2019-06-26 20:00:00,NA,5441,7.3931004999999,46.9686949,497,495,NA,377764.282152152,5202938.42583341,5441
2019-06-26 20:00:00,2019-06-26 19:59:58,5448,7.387597,46.968521,504,497,30.4,377345.244583919,5202927.70102924,5448
2019-06-26 20:00:00,2019-06-26 19:56:08,5454,7.385678,46.960113,505,505,35.4,377180.023158231,5201996.38671405,5454
2019-06-26 20:00:00,NA,5476,7.3848442,46.985647,623,619,NA,377175.075365915,5204835.10484954,5476
2019-06-26 20:00:00,2019-06-26 19:55:20,5479,7.383176,46.985635,622,622,NA,377048.191450878,5204836.38816959,5479
2019-06-26 20:00:00,2019-06-26 19:56:32,5481,7.385756,46.985748,613,618,33.5,377244.643442188,5204844.89914295,5481
2019-06-26 20:00:00,2019-06-26 19:57:41,5506,7.5418698,46.8962022,531,530,34.1,388931.084473891,5194661.52915432,5506
2019-06-26 20:00:00,2019-06-26 19:56:05,5509,7.4968464999999,46.8845937,535,537,30.1,385476.901133895,5193436.29300452,5509
2019-06-26 20:00:00,2019-06-26 19:58:50,5511,7.499769,46.8817056,522,522,NA,385693.423469751,5193111.10164451,5511
2019-06-26 20:00:00,2019-06-26 19:53:12,5512,7.5445334976196,46.89685791829,540,538,35,389135.33293706,5194730.62653125,5512
2019-06-26 20:00:00,2019-06-26 19:54:40,5531,7.5049432398692,46.878194924856,539,541,31.6,386080.224842116,5192713.46616201,5531
2019-06-26 20:00:00,2019-06-26 19:51:55,5533,7.49307,46.89336,556,549,NA,385207.887321772,5194415.93773346,5533
2019-06-26 20:00:00,2019-06-26 19:52:01,5539,7.4997968,46.9175396,510,513,30.8,385771.686170119,5197093.00478197,5539
2019-06-26 20:00:00,2019-06-26 19:59:44,5542,7.499917,46.886085,523,522,33.2,385714.002554095,5193597.53226082,5542
2019-06-26 20:00:00,2019-06-26 19:50:37,5544,7.4997189369507,46.882379277947,524,525,30.4,385691.04026393,5193186.03475171,5544
2019-06-26 20:00:00,2019-06-26 20:01:01,5545,7.489569,46.871388,596,604,32.6,384894.204725774,5191979.50212504,5545
2019-06-26 20:00:00,2019-06-26 19:58:28,5548,7.4968374,46.9007223,513,515,34.5,385510.54359006,5195228.54542229,5548
2019-06-26 20:00:00,2019-06-26 19:59:18,5551,7.4915438,46.8686836,552,546,30.2,385038.921124312,5191676.09130171,5551
2019-06-26 20:00:00,2019-06-26 19:54:43,5553,7.5070949999999,46.8812327,547,556,NA,386250.602988878,5193047.90745338,5553
2019-06-26 20:00:00,2019-06-26 19:57:04,5554,7.5068623,46.8807888,546,546,37.1,386231.934538462,5192998.91787847,5554
2019-06-26 20:00:00,2019-06-26 19:53:43,5556,7.501444,46.884176,524,523,34,385826.286491407,5193383.17815886,5556
2019-06-26 20:00:00,2019-06-26 19:55:54,5557,7.498782,46.8848117,525,523,32.2,385624.825345276,5193457.69467927,5557
2019-06-26 20:00:00,NA,5558,7.4975849,46.8880656,530,534,NA,385540.544724206,5193821.01905137,5558
2019-06-26 20:00:00,2019-06-26 19:53:03,5562,7.4627716246064,46.922055463858,565,563,32,382962.399111319,5197649.40752619,5562
2019-06-26 20:00:00,2019-06-26 19:52:57,5563,7.4326159392216,46.894308085571,779,776,32.2,380604.907913386,5194611.51205344,5563
2019-06-26 20:00:00,2019-06-26 20:01:09,5565,7.41184,46.91092,662,663,31.7,379059.703446793,5196489.28166121,5565
2019-06-26 20:00:00,2019-06-26 19:54:47,5566,7.43213,46.92471,635,633,34.3,380635.420182752,5197990.5698495,5566
2019-06-26 20:00:00,2019-06-26 19:55:29,5568,7.40777,46.92022,586,586,31.8,378770.753377799,5197528.99894556,5568
2019-06-26 20:00:00,2019-06-26 19:59:30,5573,7.475736,46.88223,830,832,31.2,383863.444950777,5193204.66004354,5573
2019-06-26 20:00:00,2019-06-26 19:57:41,5574,7.4083063736664,46.92437853784,605,603,31.5,378820.970353519,5197990.27515655,5574
2019-06-26 20:00:00,NA,5575,7.4150876,46.91008,658,659,NA,379305.121858592,5196390.93703126,5575
2019-06-26 20:00:00,2019-06-26 20:00:31,5577,7.4196222,46.9217747,622,619,31.7,379676.622847942,5197683.50752637,5577
2019-06-26 20:00:00,2019-06-26 19:54:51,5579,7.415754,46.913126,630,630,35.5,379362.705603332,5196728.3890588,5579
2019-06-26 20:00:00,NA,5580,7.4146223068237,46.880202036147,710,704,NA,379202.599575806,5193071.56683547,5580
2019-06-26 20:00:00,NA,5581,7.409987,46.889546,711,736,NA,378870.45880154,5194117.02637046,5581
2019-06-26 20:00:00,2019-06-26 19:56:01,5583,7.421653,46.9248345,597,594,32.8,379838.080261661,5198020.40512301,5583
2019-06-26 20:00:00,2019-06-26 19:54:06,5584,7.4180889749645,46.906110081866,735,669,33.4,379524.783274612,5195945.17860265,5584
2019-06-26 20:00:00,2019-06-26 19:53:54,5585,7.4162511792068,46.910842049975,646,645,32.3,379395.439551298,5196473.82766444,5585
2019-06-26 20:00:00,2019-06-26 20:01:04,5586,7.467421,46.916615,565,567,32.4,383304.561901963,5197037.92318083,5586
2019-06-26 20:00:00,2019-06-26 19:52:43,5587,7.419442,46.91765,-999,611,31.7,379653.665991206,5197225.43898251,5587
2019-06-26 20:00:00,2019-06-26 19:58:46,5590,7.4119000000001,46.91085,662,663,33.5,379064.114949587,5196481.41062125,5590
2019-06-26 20:00:00,2019-06-26 19:58:42,5593,7.517955,46.935309,593,592,32.6,387191.583485022,5199041.29878905,5593
2019-06-26 20:00:00,2019-06-26 19:55:20,5602,7.5464162000001,46.9256395,622,618,31.9,389338.00748176,5197926.24361146,5602
2019-06-26 20:00:00,NA,5607,7.54509,46.925675,603,610,NA,389237.11789296,5197932.06074617,5607
2019-06-26 20:00:00,NA,5608,7.4968578784475,46.977900050282,602,594,NA,385676.529220533,5203804.71183051,5608
2019-06-26 20:00:00,2019-06-26 19:50:35,5611,7.4997491,46.9811288,623,622,32.8,385903.291614859,5204159.28700478,5611
2019-06-26 20:00:00,2019-06-26 19:57:11,5614,7.501549,46.975624,604,605,34.5,386028.476253779,5203544.95549372,5614
2019-06-26 20:00:00,2019-06-26 19:57:47,5615,7.5376,46.930259,624,621,36.3,388676.408874062,5198452.05284792,5615
2019-06-26 20:00:00,2019-06-26 19:53:33,5616,7.505346,46.974159,626,609,34.1,386314.164620528,5203376.64398264,5616
2019-06-26 20:00:00,2019-06-26 19:56:04,5617,7.529239,46.93181,-999,588,32.7,388043.178883682,5198636.30781041,5617
2019-06-26 20:00:00,2019-06-26 19:52:17,5622,7.5022793010155,46.969686591458,603,608,31.7,386071.410942659,5202884.10922022,5622
2019-06-26 20:00:00,2019-06-26 19:51:32,5623,7.499718,46.956786,0,573,34.2,385849.137961506,5201454.28245206,5623
2019-06-26 20:00:00,2019-06-26 19:54:41,5625,7.4853330999999,46.9797822,589,592,32.6,384804.053942962,5204030.74256908,5625
2019-06-26 20:00:00,2019-06-26 20:01:22,5627,7.508656,46.955983,463,622,30.9,386527.488903625,5201352.07244641,5627
2019-06-26 20:00:00,2019-06-26 19:51:47,5628,7.498592,46.977421,-999,604,37,385807.398017981,5203748.94940467,5628
2019-06-26 20:00:00,2019-06-26 19:56:00,5634,7.4986394,46.9760471,596,592,31.1,385808.077662141,5203596.20797136,5634
2019-06-26 20:00:00,2019-06-26 20:00:33,5635,7.496343,46.938114,565,563,36.9,385552.551393113,5199384.31834052,5635
2019-06-26 20:00:00,2019-06-26 19:54:40,5636,7.489066,46.975584,573,573,32.9,385078.953884438,5203558.74307442,5636
2019-06-26 20:00:00,NA,5638,7.498937,46.974049,599,581,NA,385826.458927421,5203373.73882446,5638
2019-06-26 20:00:00,2019-06-26 19:59:19,5639,7.4980367319906,46.960109445642,420,565,37.1,385728.2957315,5201826.04363351,5639
2019-06-26 20:00:00,2019-06-26 19:58:04,5642,7.497425,46.960009,562,561,NA,385681.540934993,5201815.77389034,5642
2019-06-26 20:00:00,2019-06-26 19:57:40,5645,7.492617,46.971724,554,539,32,385340.785785948,5203124.60533948,5645
2019-06-26 20:00:00,2019-06-26 20:01:11,5648,7.5114517,46.9357864,597,595,30.7,386697.588079908,5199103.72576659,5648
2019-06-26 20:00:00,2019-06-26 19:52:52,5649,7.4980399884682,46.961484859133,564,562,31.2,385731.472511829,5201978.87902279,5649
2019-06-26 20:00:00,NA,5652,7.512809,46.931601,-999,569,NA,386792.07740716,5198636.67275686,5652
2019-06-26 20:00:00,2019-06-26 19:54:13,5653,7.4931656,46.9539286,566,570,NA,385344.493752069,5201146.32334825,5653
2019-06-26 20:00:00,2019-06-26 19:57:40,5655,7.495198,46.940638,-999,558,33.6,385470.786925424,5199666.46390777,5655
2019-06-26 20:00:00,2019-06-26 19:52:33,5659,7.497195,46.954681,-999,574,30.3,385652.690374315,5201224.04614876,5659
2019-06-26 20:00:00,2019-06-26 19:56:51,5661,7.4981087,46.9374999,-999,560,32.6,385685.634399568,5199313.50203801,5661
2019-06-26 20:00:00,2019-06-26 19:52:04,5662,7.4873069,46.9577083,554,555,NA,384906.816310982,5201574.92107928,5662
2019-06-26 20:00:00,2019-06-26 19:55:23,5663,7.4908603767212,46.958695519352,551,553,31.1,385179.290531227,5201679.41197032,5663
2019-06-26 20:00:00,NA,5667,7.4961593,46.9388432,564,560,NA,385540.123945931,5199465.61713079,5667
2019-06-26 20:00:00,2019-06-26 19:55:45,5670,7.4826945,46.9554463,556,557,33.8,384551.021600043,5201330.34430499,5670
2019-06-26 20:00:00,2019-06-26 19:57:44,5673,7.4837181,46.958905,597,552,32.6,384636.339549859,5201713.17803057,5673
2019-06-26 20:00:00,2019-06-26 19:55:56,5674,7.4926697452302,46.976380306613,597,599,NA,385354.751320426,5203641.95217399,5674
2019-06-26 20:00:00,2019-06-26 19:51:48,5679,7.5034,46.931384,-999,561,32.5,386075.396197787,5198626.18631059,5679
2019-06-26 20:00:00,2019-06-26 19:52:55,5682,7.5329932797623,46.959179655691,605,602,31,388385.870939038,5201672.349476,5682
2019-06-26 20:00:00,2019-06-26 19:58:17,5689,7.534338,46.959315,596,605,33.7,388488.460908358,5201685.47529427,5689
2019-06-26 20:00:00,2019-06-26 20:01:02,5691,7.4874141,46.9592224,552,553,NA,384918.219554768,5201743.01495564,5691
2019-06-26 20:00:00,2019-06-26 20:00:16,5694,7.4851934909821,46.965485927012,556,555,36.3,384762.725066759,5202442.2999942,5694
2019-06-26 20:00:00,2019-06-26 19:54:13,5696,7.4853973388672,46.965031975102,555,558,31.7,384777.257401717,5202391.55573125,5696
2019-06-26 20:00:00,2019-06-26 19:58:51,5698,7.488175,46.952357,551,550,35.2,384961.39492172,5200978.99469378,5698
2019-06-26 20:00:00,NA,5701,7.4906533996508,46.936091354808,559,560,NA,385115.180128046,5199167.87765205,5701
2019-06-26 20:00:00,2019-06-26 19:59:17,5702,7.48816,46.93233,562,565,32.1,384917.337222718,5198753.56284366,5702
2019-06-26 20:00:00,2019-06-26 19:54:08,5703,7.485092,46.9321928,564,567,32.1,384683.507257133,5198742.82424209,5703
2019-06-26 20:00:00,2019-06-26 19:57:07,5711,7.442062,46.949739,548,552,33.2,381446.814424268,5200756.78323499,5711
2019-06-26 20:00:00,2019-06-26 19:55:45,5716,7.425424,46.927443,602,601,NA,380130.987690052,5198304.49591108,5716
2019-06-26 20:00:00,2019-06-26 19:56:58,5717,7.4250119259034,46.946971542952,546,546,33.2,380143.211138486,5200475.18377855,5717
2019-06-26 20:00:00,2019-06-26 19:53:19,5721,7.4128055,46.9274313,576,579,NA,379170.358839832,5198322.56205784,5721
2019-06-26 20:00:00,2019-06-26 19:55:28,5722,7.464317,46.965701,554,556,NA,383175.0622451,5202497.10889068,5722
2019-06-26 20:00:00,2019-06-26 19:57:02,5723,7.458184,46.960379,559,561,34.6,382696.875583375,5201914.87339013,5723
2019-06-26 20:00:00,NA,5724,7.422554,46.926912,578,580,NA,379911.317537798,5198249.8811888,5724
2019-06-26 20:00:00,NA,5729,7.4498673000001,46.9693335,524,526,NA,382083.824213905,5202922.40499111,5729
2019-06-26 20:00:00,2019-06-26 19:54:13,5730,7.457077,46.956149,564,567,31,382603.401686414,5201446.48113173,5730
2019-06-26 20:00:00,2019-06-26 19:52:18,5733,7.4129422999999,46.9427771,552,554,30.8,379215.290548622,5200027.61162321,5733
2019-06-26 20:00:00,2019-06-26 19:59:07,5734,7.465139,46.965974,554,555,34.6,383238.187898695,5202526.22043471,5734
2019-06-26 20:00:00,2019-06-26 19:55:20,5735,7.449509,46.957903,-999,555,32.9,382031.439359659,5201652.75356469,5735
2019-06-26 20:00:00,NA,5736,7.45508,46.95902,563,563,NA,382457.746719976,5201768.50781004,5736
2019-06-26 20:00:00,2019-06-26 19:51:38,5741,7.4701338164214,46.935716652072,549,550,29.8,383552.531757348,5199156.51037462,5741
2019-06-26 20:00:00,2019-06-26 19:58:26,5744,7.4702670342988,46.951753038549,578,578,34.3,383597.444059205,5200938.31815561,5744
2019-06-26 20:00:00,2019-06-26 19:57:17,5747,7.4226963999999,46.9738197,501,504,31.8,380027.046038085,5203462.16842989,5747
2019-06-26 20:00:00,2019-06-26 19:54:29,5752,7.4705357,46.9498279,574,574,34.4,383613.713298616,5200723.99249695,5752
2019-06-26 20:00:00,2019-06-26 20:01:30,5753,7.454155,46.958211,565,565,NA,382385.597917018,5201679.99706904,5753
2019-06-26 20:00:00,2019-06-26 19:52:45,5755,7.469408,46.950107,566,581,29.9,383528.506663103,5200756.68180808,5755
2019-06-26 20:00:00,2019-06-26 19:52:11,5756,7.4597515,46.9455718,558,560,31.7,382783.797989988,5200267.11140633,5756
2019-06-26 20:00:00,2019-06-26 19:55:15,5758,7.4166476,46.9299157,569,570,NA,379468.419142589,5198592.72095702,5758
2019-06-26 20:00:00,NA,5759,7.423936,46.937364,567,567,NA,380039.871259202,5199409.21566609,5759
2019-06-26 20:00:00,NA,5760,7.45418,46.94844,540,541,NA,382366.086797158,5200594.17907581,5760
2019-06-26 20:00:00,2019-06-26 19:51:39,5762,7.4697999,46.9503897,581,579,34.3,383558.941344905,5200787.51399049,5762
2019-06-26 20:00:00,2019-06-26 19:56:44,5764,7.465488,46.939864,555,560,33.9,383207.935970931,5199624.28443503,5764
2019-06-26 20:00:00,2019-06-26 20:00:50,5765,7.4670616246835,46.935144840604,542,544,33.9,383317.449842019,5199097.53658355,5765
2019-06-26 20:00:00,2019-06-26 19:59:34,5766,7.4182403624268,46.926834213036,570,573,31.9,379582.757686022,5198247.8523354,5766
2019-06-26 20:00:00,2019-06-26 20:00:25,5772,7.4650281,46.9341626,540,538,NA,383160.529839977,5198991.41580653,5772
2019-06-26 20:00:00,2019-06-26 20:00:45,5773,7.458017,46.948286,557,508,NA,382657.733742554,5200571.31544367,5773
2019-06-26 20:00:00,2019-06-26 19:55:34,5776,7.4517284,46.9478709,537,544,34.7,382178.278746986,5200534.62101626,5776
2019-06-26 20:00:00,2019-06-26 19:53:05,5777,7.4611331999999,46.9476896,553,555,35.4,382893.566401417,5200500.38195984,5777
2019-06-26 20:00:00,NA,5778,7.463312,46.948498,-999,567,NA,383061.1295354,5200586.96100395,5778
2019-06-26 20:00:00,2019-06-26 19:58:34,5782,7.41077,46.926425,598,589,32.5,379013.137020083,5198213.87833383,5782
2019-06-26 20:00:00,2019-06-26 19:56:44,5783,7.451006,46.9481588,541,548,35.9,382123.937990605,5200567.69925221,5783
2019-06-26 20:00:00,2019-06-26 19:53:52,5786,7.454552,46.941369,544,546,32.8,382378.904567625,5199807.87295035,5786
2019-06-26 20:00:00,2019-06-26 20:01:07,5792,7.4508797,46.971924,527,512,NA,382166.525475749,5203208.74638053,5792
2019-06-26 20:00:00,2019-06-26 19:54:59,5794,7.429222,46.975733,528,524,32.4,380527.650400392,5203664.80945503,5794
2019-06-26 20:00:00,2019-06-26 20:00:48,5797,7.4559167,46.9415827,551,550,32.1,382483.235312614,5199829.57330377,5797
2019-06-26 20:00:00,2019-06-26 19:52:15,5798,7.4440079,46.9710728,546,548,31.4,381641.954020189,5203124.51480165,5798
2019-06-26 20:00:00,2019-06-26 19:56:07,5800,7.4650535032958,46.944634029414,552,556,31.5,383185.244937513,5200154.98983708,5800
2019-06-26 20:00:00,2019-06-26 19:52:35,5801,7.4337800000001,46.93487,554,549,34.6,380783.58630953,5199117.06185536,5801
2019-06-26 20:00:00,2019-06-26 19:57:00,5803,7.4466086,46.97062,514,521,NA,381838.77804535,5203070.2734167,5803
2019-06-26 20:00:00,2019-06-26 19:58:00,5804,7.455417,46.940912,545,550,31.4,382443.73648979,5199755.79256434,5804
2019-06-26 20:00:00,NA,5806,7.4567930000001,46.9553085,564,569,NA,382579.954371026,5201353.50781777,5806
2019-06-26 20:00:00,2019-06-26 19:53:20,5807,7.441754,46.975468,-999,490,33.7,381480.224537693,5203616.32974833,5807
2019-06-26 20:00:00,2019-06-26 19:57:58,5810,7.443596,46.961158,519,514,37.1,381588.741192429,5202023.37517397,5810
2019-06-26 20:00:00,2019-06-26 19:52:23,5811,7.4671706,46.9383063,546,547,NA,383332.612803246,5199448.68370043,5811
2019-06-26 20:00:00,2019-06-26 19:58:19,5813,7.449316,46.938608,529,529,30.9,381974.340606768,5199508.93253533,5813
2019-06-26 20:00:00,2019-06-26 19:53:10,5818,7.433229,46.941349,-999,531,NA,380756.034059085,5199837.86188558,5818
2019-06-26 20:00:00,2019-06-26 19:52:23,5820,7.428532,46.940472,-999,538,34.3,380396.606804824,5199747.56232914,5820
2019-06-26 20:00:00,2019-06-26 19:58:27,5823,7.43983,46.969145,496,496,31,381319.898109304,5202916.61072462,5823
2019-06-26 20:00:00,2019-06-26 19:55:44,5825,7.4341822782065,46.952038429783,565,567,33.6,380852.311587214,5201024.24929063,5825
2019-06-26 20:00:00,NA,5826,7.4347230930364,46.93845473353,528,528,NA,380863.323510875,5199513.97248621,5826
2019-06-26 20:00:00,2019-06-26 19:57:33,5827,7.4366719275782,46.9594240515,564,566,32.7,381058.122880636,5201841.17848212,5827
2019-06-26 20:00:00,NA,5828,7.434278011322,46.942849265345,531,530,NA,380839.200569439,5200002.98009385,5828
2019-06-26 20:00:00,NA,5831,7.4280456,46.9468814,539,540,NA,380373.869380267,5200460.53297968,5831
2019-06-26 20:00:00,2019-06-26 19:55:54,5833,7.4313167738143,46.939745147208,539,538,33.7,380606.934461169,5199662.54809999,5833
2019-06-26 20:00:00,2019-06-26 20:00:03,5834,7.445311,46.966606,498,505,NA,381731.226223543,5202626.1831435,5834
2019-06-26 20:00:00,2019-06-26 19:52:49,5837,7.4360077,46.9407569,524,525,32.2,380966.199559083,5199767.84362967,5837
2019-06-26 20:00:00,2019-06-26 19:51:31,5840,7.442982,46.934614,512,511,31.3,381483.441187575,5199074.66416319,5840
2019-06-26 20:00:00,2019-06-26 20:01:07,5842,7.4387503,46.9720415,491,489,NA,381244.181010326,5203240.11429773,5842
2019-06-26 20:00:00,2019-06-26 19:57:16,5844,7.4367707,46.9416246,525,529,NA,381026.192334405,5199863.10642527,5844
2019-06-26 20:00:00,2019-06-26 20:01:33,5847,7.440525,46.93722,515,517,34.1,381302.183047734,5199367.96592938,5847
2019-06-26 20:00:00,2019-06-26 20:00:33,5849,7.436463,46.937254,558,533,37.8,380993.088574569,5199377.90166119,5849
2019-06-26 20:00:00,2019-06-26 19:59:23,5854,7.4304445,46.9755582,522,519,34.7,380620.242275066,5203643.52184298,5854
2019-06-26 20:00:00,2019-06-26 19:54:19,5858,7.431231,46.946446,545,539,31.8,380615.306842118,5200407.29419429,5858
2019-06-26 20:00:00,2019-06-26 20:00:12,5859,7.44181,46.9432,507,511,34.7,381413.195149035,5200030.53376094,5859
2019-06-26 20:00:00,2019-06-26 19:58:04,5860,7.4343703,46.9342175,549,551,NA,380827.069759455,5199043.65715021,5860
2019-06-26 20:00:00,2019-06-26 19:57:11,5864,7.4361732,46.9710803,497,495,33.8,381046.026577207,5203137.21172745,5864
2019-06-26 20:00:00,2019-06-26 19:54:45,5867,7.4799817000001,46.9764923,549,546,32.1,384389.974569881,5203673.03987747,5867
2019-06-26 20:00:00,2019-06-26 19:53:00,5868,7.4368859,46.9390832,527,525,34.5,381029.329173425,5199580.52498,5868
2019-06-26 20:00:00,2019-06-26 19:41:49,5872,7.4366617000001,46.9558862,556,562,34.1,381049.503072252,5201448.05812593,5872
2019-06-26 20:00:00,2019-06-26 19:59:01,5877,7.427723,46.945344,542,534,36.3,380345.893345463,5200290.18553521,5877
2019-06-26 20:00:00,2019-06-26 19:59:35,5878,7.4752966912044,46.969861835465,559,556,32.2,384019.309599809,5202943.16472556,5878
2019-06-26 20:00:00,2019-06-26 19:59:09,5879,7.4789730289804,46.982087267452,567,577,31.3,384325.327788113,5204296.25996889,5879
2019-06-26 20:00:00,2019-06-26 20:01:03,5882,7.43794,46.93853,528,527,33.2,381108.332001121,5199517.45304052,5882
2019-06-26 20:00:00,2019-06-26 19:53:00,5884,7.4582630362457,46.978672160242,516,518,NA,382742.882930749,5203947.54716104,5884
2019-06-26 20:00:00,2019-06-26 19:58:08,5887,7.432077,46.942761,529,530,32.8,380671.497068778,5199996.51965457,5887
2019-06-26 20:00:00,2019-06-26 19:51:32,5888,7.416518,46.929205,571,568,37.5,379456.95875829,5198513.94563309,5888
2019-06-26 20:00:00,2019-06-26 19:55:34,5890,7.4739896807591,46.971278640486,556,555,31.3,383922.955891063,5203102.53980626,5890
2019-06-26 20:00:00,2019-06-26 19:56:27,5892,7.4747222,46.9383852,555,558,34.6,383907.545047707,5199446.24187019,5892
2019-06-26 20:00:00,2019-06-26 19:56:11,5893,7.47633,46.9719,552,550,32.9,384102.313673951,5203168.12317794,5893
2019-06-26 20:00:00,2019-06-26 19:55:34,5895,7.4406166,46.9818083,501,499,31.2,381407.738251134,5204322.60502589,5895
2019-06-26 20:00:00,2019-06-26 19:56:18,5896,7.4371885,46.9267777,612,615,32.3,381025.105114692,5198212.65000192,5896
2019-06-26 20:00:00,2019-06-26 20:01:13,5899,7.476381,46.972326,551,545,34.5,384107.113369949,5203215.38622206,5899
2019-06-26 20:00:00,2019-06-26 19:52:54,5900,7.4176660325892,46.928625567511,566,570,30,379543.052299367,5198447.79363197,5900
2019-06-26 20:00:00,2019-06-26 19:54:19,5901,7.433178,46.937278,540,543,32.3,380743.111814112,5199385.56003724,5901
2019-06-26 20:00:00,2019-06-26 20:01:11,5902,7.4779484,46.9294816,-999,540,34.4,384133.888825727,5198452.07966448,5902
2019-06-26 20:00:00,2019-06-26 19:53:28,5906,7.4750363000001,46.9765516,529,531,34,384013.970050202,5203686.9381368,5906
2019-06-26 20:00:00,2019-06-26 19:53:20,5909,7.440598621181,46.98174706288,501,499,34.8,381406.235527112,5204315.8273739,5909
2019-06-26 20:00:00,2019-06-26 19:59:29,5910,7.476495,46.970407,560,565,29.8,384111.638559166,5203001.97227359,5910
2019-06-26 20:00:00,2019-06-26 19:52:43,5914,7.4736355338315,46.977123152508,527,526,36.7,383908.669236852,5203752.52537481,5914
2019-06-26 20:00:00,2019-06-26 19:58:59,5915,7.477646,46.980337,561,562,NA,384220.629146293,5204103.72450942,5915
2019-06-26 20:00:00,2019-06-26 19:57:28,5917,7.4723028931762,46.970487298955,560,557,35.1,383792.936879902,5203017.10347749,5917
2019-06-26 20:00:00,2019-06-26 19:59:06,5920,7.479347,46.930281,570,540,34,384242.078226662,5198538.84530104,5920
2019-06-26 20:00:00,NA,5922,7.4366211,46.9779333,525,527,34.15,381095.290294101,5203898.05836275,5922
2019-06-26 20:00:00,2019-06-26 19:59:23,5925,7.4781729135796,46.933373598315,549,550,35.8,384159.373509962,5198884.23631742,5925
2019-06-26 20:00:00,2019-06-26 20:01:09,5926,7.4746751270553,46.974278001253,525,524,34.8,383981.582016231,5203434.82319519,5926
2019-06-26 20:00:00,2019-06-26 19:52:10,5929,7.4404077418218,46.981424912854,501,502,34.1,381391.006619955,5204280.31797602,5929
2019-06-26 20:00:00,2019-06-26 19:56:46,5931,7.44038,46.97899,511,514,31.5,381383.510690108,5204009.78467618,5931
2019-06-26 20:00:00,2019-06-26 19:46:44,5932,7.4756502,46.9709663,554,555,36.5,384048.58725502,5203065.37315015,5932
2019-06-26 20:00:00,2019-06-26 19:52:30,5935,7.4608784936283,46.980908587957,531,529,35.3,382946.680846641,5204192.15545968,5935
2019-06-26 20:00:00,2019-06-26 19:54:40,5936,7.4251572000001,46.9421586,547,549,33.1,380143.522171188,5199940.13542647,5936
2019-06-26 20:00:00,2019-06-26 20:01:15,5937,7.4482051,46.9306725,553,550,32.2,381872.336595428,5198628.7936549,5937
2019-06-26 20:00:00,2019-06-26 19:56:12,5941,7.4438013,46.9274811,618,613,NA,381530.072355236,5198280.80168325,5941
2019-06-26 20:00:00,NA,5942,7.460968,46.978025,587,516,NA,382947.193534397,5203871.58805838,5942
2019-06-26 20:00:00,2019-06-26 19:58:01,5944,7.443368,46.931877,-999,552,37.4,381506.784000076,5198769.93888439,5944
2019-06-26 20:00:00,2019-06-26 19:52:15,5947,7.43486,46.92614,620,621,31.2,380846.427842947,5198145.32280608,5947
2019-06-26 20:00:00,2019-06-26 19:57:45,5950,7.443632,46.926228,648,657,29.8,381514.420417514,5198141.81018802,5950
2019-06-26 20:00:00,2019-06-26 19:54:34,5951,7.4796851693116,46.959125581187,554,556,34.7,384329.981355707,5201743.63363012,5951
2019-06-26 20:00:00,2019-06-26 19:51:43,5952,7.4242521423279,46.954537268553,555,556,NA,380102.293243097,5201317.06888398,5952
2019-06-26 20:00:00,2019-06-26 19:54:52,5957,7.454837,46.931102,-999,533,31.5,382378.110739581,5198666.55119179,5957
2019-06-26 20:00:00,2019-06-26 19:57:18,5958,7.4040315,46.9434381,0,560,NA,378538.631651555,5200114.83089346,5958
2019-06-26 20:00:00,2019-06-26 19:52:56,5960,7.44668,46.932573,534,541,32.7,381760.42658951,5198842.2803361,5960
2019-06-26 20:00:00,2019-06-26 19:55:55,5961,7.422383,46.9519259,556,554,37.2,379954.233144612,5201029.74756541,5961
2019-06-26 20:00:00,2019-06-26 19:53:31,5963,7.426303,46.951646,551,554,33.2,380251.888618981,5200992.64835696,5963
2019-06-26 20:00:00,2019-06-26 19:57:04,5965,7.4220639227539,46.928712707231,564,565,NA,379878.03587926,5198450.73033903,5965
2019-06-26 20:00:00,2019-06-26 20:00:44,5967,7.422587,46.934264,561,564,36.9,379930.264965902,5199066.80133972,5967
2019-06-26 20:00:00,2019-06-26 19:57:17,5968,7.425485,46.9278,600,601,34.6,380136.427968438,5198344.07328998,5968
2019-06-26 20:00:00,2019-06-26 19:56:07,5971,7.409501,46.948653,567,550,33.7,378966.638994938,5200685.86384089,5971
2019-06-26 20:00:00,2019-06-26 19:58:05,5972,7.4208215810428,46.925430991731,583,578,34,379776.118964726,5198087.96287225,5972
2019-06-26 20:00:00,2019-06-26 20:00:46,5978,7.478574,46.944236,566,571,37,384213.327094192,5200090.70194848,5978
2019-06-26 20:00:00,2019-06-26 19:51:23,5979,7.408946,46.974145,562,556,30,378981.914468088,5203519.46189035,5979
2019-06-26 20:00:00,2019-06-26 19:59:07,5983,7.4255359699753,46.928420287944,580,586,32,380141.692099932,5198412.92314308,5983
2019-06-26 20:00:00,2019-06-26 19:58:57,5984,7.4253053,46.928369,579,579,32.9,380124.017861547,5198407.57652132,5984
2019-06-26 20:00:00,2019-06-26 19:59:28,5986,7.41989,46.925538,580,579,34.2,379705.437882199,5198101.28248977,5986
2019-06-26 20:00:00,2019-06-26 19:32:27,5988,7.465893,46.976833,547,500,NA,383319.17036312,5203731.78335184,5988
2019-06-26 20:00:00,2019-06-26 19:51:50,5993,7.4838204258859,47.013748092172,546,542,31.2,384762.072097375,5207807.38161515,5993
2019-06-26 20:00:00,2019-06-26 19:53:22,5997,7.4866954,47.013563,538,537,37.8,384980.184832938,5207782.58661565,5997
2019-06-26 20:00:00,2019-06-26 19:51:51,5999,7.4825335,47.016991,532,530,33.6,384671.243840648,5208169.64110404,5999
2019-06-26 20:00:00,2019-06-26 19:51:30,6001,7.4973375,47.0206078,527,525,34.9,385804.055780236,5208549.85712166,6001
2019-06-26 20:00:00,2019-06-26 19:53:47,6002,7.495105,47.022802,524,521,35.8,385639.084504283,5208796.94414452,6002
2019-06-26 20:00:00,2019-06-26 19:57:17,6004,7.496165183606,47.022628331401,524,520,NA,385719.278675711,5208776.09738786,6004
2019-06-26 20:00:00,2019-06-26 19:53:09,6007,7.5333637352473,47.0215775997,581,580,35.1,388543.87283109,5208605.71271885,6007
2019-06-26 20:00:00,2019-06-26 19:57:05,6011,7.5041461000001,47.0198233,531,528,NA,386319.806725709,5208452.77266954,6011
2019-06-26 20:00:00,2019-06-26 19:53:20,6022,7.4989940466066,46.983055975458,638,637,31,385849.972239319,5204374.5411917,6022
2019-06-26 20:00:00,2019-06-26 20:01:16,6023,7.49514,47.02105,527,525,35.8,385638.002247352,5208602.20351874,6023
2019-06-26 20:00:00,2019-06-26 19:55:44,6033,7.4440586000001,47.019676,567,566,32,381753.096564646,5208525.3950974,6033
2019-06-26 20:00:00,NA,6038,7.461125,47.002348,560,564,NA,383012.23073232,5206574.20920918,6038
2019-06-26 20:00:00,2019-06-26 19:52:44,6041,7.4780069008058,46.984632759362,570,573,32.7,384257.349702178,5204580.55052118,6041
2019-06-26 20:00:00,2019-06-26 19:55:36,6043,7.481048,47.013055,549,545,36,384549.862013445,5207734.44613795,6043
2019-06-26 20:00:00,2019-06-26 19:51:47,6044,7.4495234999999,47.0205694,558,560,34.2,382170.371577056,5208616.43466092,6044
2019-06-26 20:00:00,2019-06-26 19:59:32,6045,7.450769,46.991084,569,503,30.1,382200.206691143,5205338.03444529,6045
2019-06-26 20:00:00,2019-06-26 19:54:11,6047,7.462731790213,47.020153557374,561,561,33.2,383173.221504209,5208550.43228402,6047
2019-06-26 20:00:00,2019-06-26 20:01:11,6050,7.4590367000001,46.9979728,557,558,35.9,382843.91190758,5206091.14251588,6050
2019-06-26 20:00:00,2019-06-26 19:55:40,6052,7.441385,46.986481,-999,514,31.6,381476.504941319,5204840.68791028,6052
2019-06-26 20:00:00,2019-06-26 20:01:21,6054,7.440679,46.985328,-999,507,31.65,381420.268448954,5204713.63110433,6054
2019-06-26 20:00:00,2019-06-26 19:55:36,6055,7.4529853,47.0013416,581,584,35.7,382391.238849877,5206474.56471914,6055
2019-06-26 20:00:00,2019-06-26 19:58:39,6062,7.4562691,46.9925251,549,549,35.9,382621.570035393,5205489.9181934,6062
2019-06-26 20:00:00,2019-06-26 19:51:50,6066,7.4560045324912,47.015221907451,565,565,37.1,382651.176590468,5208012.46742817,6066
2019-06-26 20:00:00,2019-06-26 20:00:45,6068,7.444218,46.999713,-999,578,31.8,381721.138362704,5206306.79111541,6068
2019-06-26 20:00:00,NA,6069,7.4568584,46.9865223,531,526,NA,382653.236859757,5204821.98364763,6069
2019-06-26 20:00:00,2019-06-26 20:00:54,6070,7.4548136,46.9971183,561,558,35.4,382520.970885824,5206002.51271229,6070
2019-06-26 20:00:00,2019-06-26 19:58:14,6077,7.4586409999999,46.9856176,548,547,36.4,382786.812790857,5204718.78174725,6077
2019-06-26 20:00:00,2019-06-26 19:57:39,6078,7.404237,46.996003,599,596,NA,378673.222831079,5205955.6753837,6078
2019-06-26 20:00:00,2019-06-26 19:58:17,6080,7.4473291,47.0212397,612,560,35.1,382005.086442152,5208694.2257103,6080
2019-06-26 20:00:00,2019-06-26 19:51:46,6087,7.439301,46.984925,540,549,NA,381314.587022739,5204670.9350891,6087
2019-06-26 20:00:00,2019-06-26 19:53:44,6089,7.4304002,47.0039018,600,599,32,380679.981784444,5206793.22460381,6089
2019-06-26 20:00:00,2019-06-26 19:57:25,6090,7.4414591,47.0209658,572,571,33.1,381558.398707237,5208672.65177183,6090
2019-06-26 20:00:00,2019-06-26 19:52:43,6154,7.504689,46.958496,592,594,36.2,386230.982281478,5201637.07519092,6154
2019-06-26 20:00:00,2019-06-26 20:01:17,6156,7.49368,47.02078,524,523,31.8,385526.47393806,5208574.33350366,6156
2019-06-26 20:00:00,2019-06-26 19:58:52,6157,7.486982,46.928847,550,549,31.6,384820.199974472,5198368.25291174,6157
2019-06-26 20:00:00,2019-06-26 19:51:29,6158,7.5467906,46.9546491,565,569,32.3,389426.261722282,5201149.34430675,6158
2019-06-26 20:00:00,NA,6160,7.423631,46.943554,556,553,NA,380030.487646234,5200097.53014401,6160
2019-06-26 20:00:00,NA,6161,7.534921,46.929436,601,600,NA,388470.767176625,5198364.40571988,6161
2019-06-26 20:00:00,2019-06-26 19:55:47,6162,7.492332,46.959678,-999,552,33.6,385293.355280523,5201786.433341,6162
2019-06-26 20:00:00,2019-06-26 20:01:45,6164,7.4382968819411,47.02159595728,577,574,NA,381319.486232994,5208747.46571839,6164
2019-06-26 20:00:00,NA,6170,7.42798,47.003912,600,598,NA,380496.025577696,5206798.04812491,6170
2019-06-26 20:00:00,2019-06-26 19:53:05,6173,7.4573687,46.9958763,554,553,34.8,382712.511293591,5205860.66820407,6173
2019-06-26 20:00:00,2019-06-26 19:54:42,6174,7.545934,46.958898,669,652,32.4,389369.843599854,5201622.70412198,6174
2019-06-26 20:00:00,2019-06-26 19:53:52,6175,7.499556,46.916985,-999,513,34.9,385752.172461194,5197031.7271115,6175
2019-06-26 20:00:00,2019-06-26 19:55:08,6177,7.490249,46.934701,645,563,36.7,385081.424513822,5199013.97049138,6177
2019-06-26 20:00:00,2019-06-26 19:54:33,6178,7.448938,46.951226,525,510,30.8,381973.31311755,5200911.64646129,6178
2019-06-26 20:00:00,2019-06-26 20:01:11,6179,7.436316,47.024518,-999,580,35.2,381175.438250811,5209075.1791565,6179
2019-06-26 20:00:00,2019-06-26 19:58:46,6181,7.449699,47.019622,557,555,31.8,382181.624065563,5208510.89173775,6181
2019-06-26 20:00:00,2019-06-26 19:58:14,6183,7.4642158,46.9099181,696,686,NA,383045.940268144,5196298.52371611,6183
2019-06-26 20:00:00,2019-06-26 19:58:07,6184,7.419378,46.926328,-999,571,31.9,379668.229204352,5198189.85452038,6184
2019-06-26 20:00:00,2019-06-26 19:57:31,6185,7.4209023,46.9350684,558,558,31.5,379803.831154319,5199158.76937532,6185
2019-06-26 20:00:00,2019-06-26 19:58:17,6186,7.4296172291386,46.929158936503,597,596,NA,380454.02242013,5198488.77325115,6186
2019-06-26 20:00:00,2019-06-26 19:54:51,6193,7.455139,46.995392,554,559,36.4,382541.926804964,5205810.19215238,6193
2019-06-26 20:00:00,2019-06-26 19:55:46,6197,7.466887,46.9486328,584,579,31.2,383333.468480316,5200596.61353411,6197
2019-06-26 20:00:00,2019-06-26 19:58:06,6198,7.474913,46.971128,-999,554,34.8,383992.861900249,5203084.43285734,6198
2019-06-26 20:00:00,2019-06-26 19:57:33,6204,7.386666,46.882843,655,659,31.3,377078.546118369,5193408.44620335,6204
2019-06-26 20:00:00,2019-06-26 19:53:10,6208,7.49652,46.9548,575,572,NA,385601.584566466,5201238.25470654,6208
2019-06-26 20:00:00,NA,6214,7.465845,46.938207,547,549,NA,383231.503831181,5199439.62263428,6214
2019-06-26 20:00:00,2019-06-26 19:56:22,6220,7.4504762,46.9914165,509,521,36,382178.674132699,5205375.42333586,6220
2019-06-26 20:00:00,2019-06-26 19:54:02,6224,7.494957,47.021986,-999,524,33.7,385626.094721277,5208706.4830168,6224
2019-06-26 20:00:00,2019-06-26 19:51:41,6225,7.4355844,46.9572354,561,564,35.3,380970.527899311,5201599.6204271,6225
2019-06-26 20:00:00,2019-06-26 19:52:57,6226,7.540932,46.891877,518,518,37.3,388850.713434637,5194182.23240265,6226
2019-06-26 20:00:00,2019-06-26 19:54:03,6233,7.428654,46.927446,609,607,34.1,380376.883102543,5198299.89688651,6233
2019-06-26 20:00:00,2019-06-26 20:01:10,6236,7.48717,46.934269,562,561,NA,384846.135894082,5198970.48286673,6236
2019-06-26 20:00:00,2019-06-26 20:00:41,6247,7.4568368,46.9848852,523,521,31.8,382648.010882421,5204640.09595926,6247
2019-06-26 20:00:00,2019-06-26 20:01:49,6249,7.452936,46.947464,-999,538,34.6,382269.281895488,5200487.59088788,6249
2019-06-26 20:00:00,2019-06-26 19:58:27,6253,7.4333312311908,46.936398109949,545,545,36.3,380752.820868881,5199287.55149152,6253
2019-06-26 20:00:00,2019-06-26 19:59:11,6261,7.4213794,46.9279907,567,565,34.4,379824.311562483,5198371.54814932,6261
2019-06-26 20:00:00,2019-06-26 19:53:28,6269,7.440138,46.982554,502,503,32.6,381372.990817296,5204406.19417567,6269
2019-06-26 20:00:00,2019-06-26 19:55:53,6271,7.502769,46.929986,561,559,32.9,386024.397485419,5198471.75399425,6271
2019-06-26 20:00:00,2019-06-26 19:51:51,6281,7.476299,46.9780803,554,557,33.8,384113.310735593,5203854.94391896,6281
2019-06-26 20:00:00,2019-06-26 19:51:39,6288,7.41826,46.935615,570,552,NA,379603.935967537,5199223.56283696,6288
2019-06-26 20:00:00,2019-06-26 19:58:21,6290,7.456547,46.944678,-999,547,32.6,382537.97711649,5200172.58643313,6290
2019-06-26 20:00:00,NA,6293,7.4571500904927,46.961087062999,560,562,NA,382619.764771531,5201995.10336953,6293
2019-06-26 20:00:00,2019-06-26 19:53:35,6301,7.5043822,46.9315803,560,560,31.4,386150.578443639,5198646.57311489,6301
2019-06-26 20:00:00,2019-06-26 19:54:58,6304,7.4919249338592,46.954999778915,556,555,36.9,385252.382723674,5201267.17138876,6304
2019-06-26 20:00:00,2019-06-26 19:53:43,6307,7.44638,46.929272,554,562,33.3,381730.322800731,5198475.917968,6307
2019-06-26 20:00:00,2019-06-26 19:59:05,6311,7.443288,46.97188,-999,533,32.8,381588.977024096,5203215.30093038,6311
2019-06-26 20:00:00,2019-06-26 19:52:12,6317,7.4855107,46.92943,547,547,33,384709.448957184,5198435.19943259,6317
2019-06-26 20:00:00,2019-06-26 20:01:08,6321,7.4779194,46.9466687,578,578,37.2,384168.758851379,5200361.99715502,6321
2019-06-26 20:00:00,2019-06-26 19:56:40,6322,7.4097885058067,46.94863070931,555,549,NA,378988.466908981,5200682.94297042,6322
2019-06-26 20:00:00,2019-06-26 19:52:50,6323,7.477265,47.017658,-999,537,31.8,384272.281235532,5208251.5339797,6323
2019-06-26 20:00:00,2019-06-26 19:54:53,6331,7.394847,46.886028,724,729,30.5,377709.093513998,5193749.58512435,6331
2019-06-26 20:00:00,2019-06-26 19:58:43,6334,7.438292,46.929797,564,562,32,381115.793916028,5198546.48777426,6334
2019-06-26 20:00:00,NA,6335,7.435225,46.971477,495,496,NA,380974.782347655,5203182.73406047,6335
2019-06-26 20:00:00,2019-06-26 19:56:20,6336,7.3919783,46.9459604,555,556,35.2,377627.086780086,5200413.85999334,6336
2019-06-26 20:00:00,2019-06-26 19:58:55,6338,7.4607154,46.9540852,563,564,NA,382875.728838536,5201211.70276601,6338
2019-06-26 20:00:00,2019-06-26 19:58:12,6341,7.399493,46.990002,-999,584,36.3,378298.914612232,5205296.1837598,6341
2019-06-26 20:00:00,2019-06-26 19:58:30,6351,7.5328850999999,46.9592214,606,600,31.4,388377.727260934,5201677.1422932,6351
2019-06-26 20:00:00,2019-06-26 19:57:08,6353,7.4279586,46.9463509,538,540,34.9,380366.066576446,5200401.71523598,6353
2019-06-26 20:00:00,2019-06-26 19:54:10,6357,7.5397777000001,46.928452,619,617,33.6,388838.442315911,5198248.16497532,6357
2019-06-26 20:00:00,2019-06-26 19:58:18,6362,7.439795,46.944543,544,538,32.3,381262.815248029,5200182.82129941,6362
2019-06-26 20:00:00,2019-06-26 19:56:36,6372,7.4846747,47.0138958,539,535,NA,384827.318180481,5207822.53869161,6372
2019-06-26 20:00:00,2019-06-26 20:00:33,6380,7.489094,46.975064,573,569,33.8,385079.969283728,5203500.91790338,6380
2019-06-26 20:00:00,NA,6395,7.502517,46.9789562,628,627,NA,386109.177654534,5203913.83323217,6395
2019-06-26 20:00:00,2019-06-26 19:55:36,6400,7.4425653275172,47.023177645213,572,569,31.6,381647.354465961,5208916.76795664,6400
2019-06-26 20:00:00,2019-06-26 19:56:10,6420,7.4273286,46.9588575,570,572,32,380346.007993518,5201792.44341567,6420
2019-06-26 20:00:00,NA,6421,7.4064871,46.9438847,-999,559,NA,378726.520941051,5200160.65652047,6421
2019-06-26 20:00:00,2019-06-26 19:57:28,6428,7.437505,46.952819,556,561,32,381106.872151947,5201105.94306814,6428
2019-06-26 20:00:00,2019-06-26 19:57:20,6435,7.394012,46.938659,546,565,31.7,377765.230622658,5199599.33861438,6435
2019-06-26 20:00:00,NA,6437,7.44475,46.939142,-999,510,NA,381627.996001863,5199575.15562389,6437
2019-06-26 20:00:00,2019-06-26 20:00:52,6446,7.431008,46.933325,560,562,36,380569.157123474,5198949.596365,6446
2019-06-26 20:00:00,2019-06-26 19:58:20,6448,7.4458169,47.0049351,632,580,29.6,381854.208719685,5206884.67646468,6448
2019-06-26 20:00:00,2019-06-26 19:58:51,6455,7.4162129,46.9120695,641,639,NA,379395.278748552,5196610.2830648,6455
2019-06-26 20:00:00,2019-06-26 19:58:19,6459,7.496687,47.020822,525,525,NA,385755.078351538,5208574.60884338,6459
2019-06-26 20:00:00,2019-06-26 19:58:37,6462,7.420995,46.913666,651,651,35.7,379762.999106352,5196780.34722504,6462
2019-06-26 20:00:00,2019-06-26 19:57:22,6470,7.437393,46.944767,535,540,35.8,381080.513626346,5200211.35363632,6470
2019-06-26 20:00:00,2019-06-26 20:00:53,6474,7.515753,46.959794,563,567,32.4,387075.492805677,5201765.31259258,6474
2019-06-26 20:00:00,2019-06-26 19:52:34,6475,7.417578,46.935481,555,555,33.7,379551.725052611,5199209.71992115,6475
2019-06-26 20:00:00,2019-06-26 19:56:26,6478,7.457175,46.966419,554,555,36.4,382633.3241783,5202587.56667527,6478
2019-06-26 20:00:00,2019-06-26 19:54:54,6480,7.464036,46.952181,581,579,31,383124.243034372,5200995.14627831,6480
2019-06-26 20:00:00,2019-06-26 19:58:46,6483,7.500485,46.926673,-999,574,31.8,385843.492316923,5198106.92758768,6483
2019-06-26 20:00:00,2019-06-26 19:58:20,6484,7.4113838,46.9237588,644,587,31,379053.862317837,5197916.65777003,6484
2019-06-26 20:00:00,2019-06-26 20:00:22,6490,7.463591,46.910102,696,704,NA,382998.761105793,5196319.89082495,6490
2019-06-26 20:00:00,2019-06-26 20:01:36,6493,7.522732,46.959766,572,575,NA,387606.402650164,5201752.16954414,6493
2019-06-26 20:00:00,NA,6503,7.434245,46.945134,535,536,NA,380841.759079489,5200256.91574332,6503
2019-06-26 20:00:00,2019-06-26 19:55:56,6510,7.427424,46.92192,637,637,31.5,380270.933306775,5197687.71298287,6510
2019-06-26 20:00:00,2019-06-26 19:58:17,6519,7.4375374884612,46.970339202275,498,497,35.7,381148.15865691,5203052.78858758,6519
2019-06-26 20:00:00,2019-06-26 20:00:42,6522,7.441797,46.973616,511,512,33.1,381479.40242881,5203410.46472901,6522
2019-06-26 20:00:00,2019-06-26 19:52:50,6528,7.4087,46.9234,597,596,33,378848.73093549,5197880.92982869,6528
2019-06-26 20:00:00,2019-06-26 19:58:25,6530,7.46855,46.951285,589,586,32.6,383465.775050334,5200888.85961864,6530
2019-06-26 20:00:00,NA,6531,7.546402,46.957345,594,626,NA,389402.249542364,5201449.46938722,6531
2019-06-26 20:00:00,2019-06-26 19:54:37,6537,7.5127204071425,46.928963331759,571,573,34.1,386779.774288941,5198343.69626784,6537
2019-06-26 20:00:00,2019-06-26 19:54:04,6539,7.540838,46.999999,602,605,32.9,389067.186771518,5206197.19788255,6539
2019-06-26 20:00:00,NA,6540,7.468162990661,46.951904166519,587,586,NA,383437.671001833,5200958.23854408,6540
2019-06-26 20:00:00,2019-06-26 20:01:26,6542,7.446067,47.00299,579,580,32.9,381868.931836098,5206668.15260558,6542
2019-06-26 20:00:00,2019-06-26 19:52:08,6544,7.397366,46.946055,-999,559,33.3,378037.306772381,5200415.97584195,6544
2019-06-26 20:00:00,2019-06-26 19:57:24,6547,7.412175,47.003,619,616,31.9,379292.505727687,5206720.94110485,6547
2019-06-26 20:00:00,2019-06-26 19:58:40,6550,7.497278,46.95539,-999,574,35.3,385660.516166807,5201302.71123337,6550
2019-06-26 20:00:00,NA,6556,7.528059,46.95705,555,550,NA,388006.017790133,5201442.73400203,6556
2019-06-26 20:00:00,2019-06-26 20:00:21,6561,7.497699,46.985616,652,653,30.9,385756.941827661,5204660.90768285,6561
2019-06-26 20:00:00,2019-06-26 20:00:27,6564,7.492065,46.924752,544,533,35.7,385198.391468693,5197905.75311794,6564
2019-06-26 20:00:00,2019-06-26 19:58:37,6565,7.5008833333175,46.95540962449,582,585,30.4,385934.877173724,5201299.63902071,6565
2019-06-26 20:00:00,2019-06-26 19:59:12,6571,7.486716,46.929571,553,549,30.1,384801.503429049,5198449.09629805,6571
2019-06-26 20:00:00,2019-06-26 19:56:39,6572,7.441115,46.935005,519,521,NA,381342.195707861,5199120.93676298,6572
2019-06-26 20:00:00,2019-06-26 19:53:00,6577,7.448563,46.955479,-999,553,34.1,381954.132648128,5201384.81618058,6577
2019-06-26 20:00:00,2019-06-26 19:57:12,6578,7.452552,46.948045,539,544,31.95,382241.334669815,5200552.72992487,6578
2019-06-26 20:00:00,2019-06-26 19:58:47,6580,7.441263,46.926534,-999,645,31.6,381334.748376584,5198179.395742,6580
2019-06-26 20:00:00,2019-06-26 20:01:04,6583,7.426519,46.953411,-999,563,33.4,380272.261738574,5201188.44987106,6583
2019-06-26 20:00:00,2019-06-26 20:01:15,6600,7.462937,46.907179,624,623,32.2,382942.593438102,5195996.05699907,6600
2019-06-26 20:00:00,2019-06-26 19:54:03,6601,7.417826,46.9354,555,559,34.9,379570.419968216,5199200.33806236,6601
2019-06-26 20:00:00,2019-06-26 19:51:47,6605,7.487013,46.974669,-999,551,35.4,384920.842643182,5203460.07835973,6605
2019-06-26 20:00:00,2019-06-26 19:54:20,6607,7.499983,46.888965,-999,521,33.3,385725.148589631,5193917.46669815,6607
2019-06-26 20:00:00,2019-06-26 19:55:24,6610,7.472493,46.945815,-999,566,NA,383753.964587594,5200275.16391315,6610
2019-06-26 20:00:00,2019-06-26 19:52:04,6611,7.389138,46.948227,561,562,33.5,377416.115229003,5200670.16780377,6611
2019-06-26 20:00:00,2019-06-26 19:53:09,6620,7.4375934,46.9488517,554,555,35.4,381104.811230722,5200664.95207539,6620
2019-06-26 20:00:00,2019-06-26 19:52:06,6621,7.520077,46.889487,-999,516,NA,387257.029020182,5193946.40470279,6621
2019-06-26 20:00:00,2019-06-26 19:55:17,6622,7.42149,46.974325,-999,506,33.3,379936.417525775,5203520.16672588,6622
2019-06-26 20:00:00,2019-06-26 19:55:07,6623,7.39335,46.884614,-999,712,32.8,377591.827151976,5193594.79369815,6623
2019-06-26 20:00:00,NA,6629,7.439089,46.928765,-999,566,NA,381174.181315103,5198430.60155216,6629
2019-06-26 20:00:00,2019-06-26 19:54:42,6634,7.427911,46.929275,587,583,32.6,380324.395814284,5198504.27312434,6634
2019-06-26 20:00:00,2019-06-26 19:53:13,6635,7.4432106224981,46.944831537528,507,510,35.5,381523.388810557,5200209.71666971,6635
2019-06-26 20:00:00,2019-06-26 19:58:02,6643,7.496584,46.937536,565,566,32.5,385569.662669509,5199319.73770184,6643
2019-06-26 20:00:00,2019-06-26 19:52:20,6645,7.440234,47.025008,-999,572,36.25,381474.247301794,5209123.6910321,6645
2019-06-26 20:00:00,2019-06-26 19:57:51,6649,7.4954591000001,46.9635184,548,548,31,385539.460674712,5202208.61844826,6649
2019-06-26 20:00:00,2019-06-26 19:55:13,6654,7.439418,46.971709,502,489,31.5,381294.232627026,5203202.15418759,6654
2019-06-26 20:00:00,2019-06-26 19:59:11,6658,7.447904,46.947942,546,549,31.7,381887.407401476,5200548.27703197,6658
2019-06-26 20:00:00,NA,6660,7.503306,46.934164,561,565,NA,386074.137501991,5198935.24358858,6660
2019-06-26 20:00:00,2019-06-26 19:52:42,6664,7.4965724994399,46.974308744698,581,579,35.1,385647.167371738,5203406.05046164,6664
2019-06-26 20:00:00,2019-06-26 19:54:37,6665,7.4951191960645,46.97406124051,577,580,33.3,385536.100552358,5203380.66890795,6665
2019-06-26 20:00:00,2019-06-26 19:59:45,6666,7.490228,46.951937,-999,563,35.45,385116.711547231,5200929.31216772,6666
2019-06-26 20:00:00,2019-06-26 19:51:37,6671,7.448225,47.018059,567,563,31.6,382066.164008745,5208339.42405921,6671
2019-06-26 20:00:00,2019-06-26 20:00:03,6676,7.448501,46.939519,529,526,35,381914.313661803,5199611.39232356,6676
2019-06-26 20:00:00,2019-06-26 19:58:53,6677,7.446739,47.0010159,634,583,34.3,381915.66631825,5206447.77011901,6677
2019-06-26 20:00:00,NA,6681,7.394834,46.965149,497,515,NA,377888.074818018,5202541.6929537,6681
2019-06-26 20:00:00,2019-06-26 19:59:36,6682,7.416736,46.952502,575,559,NA,379525.835810981,5201102.42911484,6682
2019-06-26 20:00:00,2019-06-26 19:58:36,6685,7.497393,46.960768,-999,554,32.2,385680.723380177,5201900.16295046,6685
2019-06-26 20:00:00,2019-06-26 19:57:14,6688,7.42993,46.974836,520,522,31.1,380579.502152225,5203564.05277239,6688
2019-06-26 20:00:00,NA,6691,7.443932,46.948725,546,553,NA,381586.875235707,5200641.27840382,6691
2019-06-26 20:00:00,2019-06-26 19:54:35,6692,7.438403,46.978345,-999,522,36.6,381231.724447702,5203941.1051474,6692
2019-06-26 20:00:00,2019-06-26 19:56:52,6693,7.455871,46.951099,546,516,NA,382500.587041111,5200887.11817277,6693
2019-06-26 20:00:00,2019-06-26 19:55:48,6698,7.431748,46.937018,-999,549,32.2,380633.692871037,5199358.84432376,6698
2019-06-26 20:00:00,2019-06-26 20:00:49,6701,7.413473,47.001824,-999,602,34.2,379388.531559493,5206588.26018673,6701
2019-06-26 20:00:00,2019-06-26 19:55:59,6706,7.418671,46.904007,674,678,31.4,379564.397331101,5195710.58671419,6706
2019-06-26 20:00:00,2019-06-26 19:52:08,6709,7.461252,46.944414,542,561,34.8,382895.462051515,5200136.21113544,6709
2019-06-26 20:00:00,NA,6711,7.526504,46.960096,583,595,NA,387894.06936342,5201783.43800064,6711
2019-06-26 20:00:00,2019-06-26 19:52:27,6716,7.5275549928397,46.867520521124,794,792,31.2,387780.909547797,5191494.73601495,6716
2019-06-26 20:00:00,2019-06-26 19:53:31,6718,7.446126,47.025553,543,546,33.2,381923.171496084,5209175.35063878,6718
2019-06-26 20:00:00,2019-06-26 20:00:14,6723,7.527225,47.019493,548,549,30.9,388073.013232735,5208382.81980832,6723
2019-06-26 20:00:00,2019-06-26 19:58:21,6727,7.48966,46.980104,606,604,35.8,385133.81463917,5204060.1494948,6727
2019-06-26 20:00:00,2019-06-26 20:00:47,6729,7.45851,47.000448,556,561,32.9,382809.282010242,5206366.98359751,6729
2019-06-26 20:00:00,2019-06-26 20:00:02,6731,7.436584,46.951104,-999,566,36.8,381032.991578748,5200916.76507132,6731
2019-06-26 20:00:00,2019-06-26 20:00:14,6734,7.383303,46.961009,489,489,NA,377001.386812875,5202099.67721956,6734
2019-06-26 20:00:00,2019-06-26 19:59:41,6738,7.399575,46.990019,582,584,34.4,378305.188301993,5205297.94546409,6738
2019-06-26 20:00:00,2019-06-26 19:55:30,6739,7.455695,47.025125,551,551,34.7,382649.35672373,5209113.4023378,6739
2019-06-26 20:00:00,2019-06-26 20:00:21,6741,7.413689,46.972924,-999,577,30.4,379339.921447995,5203376.46627944,6741
2019-06-26 20:00:00,2019-06-26 19:59:49,6742,7.423263,46.974198,-999,509,33.9,380070.987985882,5203503.33889931,6742
2019-06-26 20:00:00,2019-06-26 19:55:23,6744,7.524261,46.891795,-999,514,36.1,387580.592070961,5194196.87079569,6744
2019-06-26 20:00:00,2019-06-26 19:44:06,6746,7.410023,46.9204959,581,585,33.2,378942.911027535,5197556.17729184,6746
2019-06-26 20:00:00,2019-06-26 19:55:21,6749,7.439372,46.937613,522,527,NA,381215.29437936,5199413.38323967,6749
2019-06-26 20:00:00,2019-06-26 19:52:39,6750,7.430553,46.939951,-999,541,33.9,380549.26224091,5199686.58636521,6750
2019-06-26 20:00:00,2019-06-26 19:52:41,6752,7.4879008,46.9809056,614,615,32.4,385001.743102371,5204151.80657605,6752
2019-06-26 20:00:00,2019-06-26 19:56:57,6753,7.499413,46.979949,581,614,34.3,385875.220044389,5204028.67310816,6753
2019-06-26 20:00:00,2019-06-26 19:58:45,6755,7.540972,46.894056,528,529,35.4,388858.263107801,5194424.31047849,6755
2019-06-26 20:00:00,2019-06-26 19:52:31,6759,7.439099,46.937399,519,527,31,381194.042325694,5199390.01668442,6759
2019-06-26 20:00:00,2019-06-26 19:55:58,6768,7.450516,46.954142,-999,563,NA,382099.793184744,5201233.30556409,6768
2019-06-26 20:00:00,2019-06-26 19:54:40,6770,7.4940359576722,46.977303883149,600,596,36.3,385460.634320509,5203742.58500635,6770
2019-06-26 20:00:00,2019-06-26 19:56:41,6772,7.5098708784348,46.890750282623,519,519,35.5,386482.187098294,5194101.49789126,6772
2019-06-26 20:00:00,2019-06-26 19:51:17,6774,7.417487,46.906343,-999,671,NA,379479.460969514,5195971.98558392,6774
2019-06-26 20:00:00,2019-06-26 19:59:29,6778,7.500511,46.984566,-999,647,36.2,385968.544876333,5204540.13130702,6778
2019-06-26 20:00:00,2019-06-26 19:54:59,6779,7.4211247000001,46.9434536,550,542,34.3,379839.524278291,5200090.21191245,6779
2019-06-26 20:00:00,2019-06-26 19:58:02,6786,7.532772,46.958965,599,600,33.4,388368.589044655,5201648.81139972,6786
2019-06-26 20:00:00,2019-06-26 19:52:00,6792,7.389693,46.945079,560,561,35.4,377451.163049947,5200319.48670759,6792
2019-06-26 20:00:00,2019-06-26 20:01:55,6794,7.495906,46.923941,455,535,33.9,385489.080288111,5197810.01715646,6794
2019-06-26 20:00:00,2019-06-26 19:56:04,6797,7.497067,46.955592,550,574,35.2,385644.892205476,5201325.46588505,6797
2019-06-26 20:00:00,2019-06-26 19:59:12,6800,7.491077,47.019987,524,523,37.7,385326.962605457,5208490.02099027,6800
2019-06-26 20:00:00,2019-06-26 19:57:33,6801,7.492222,47.019839,524,522,NA,385413.66063255,5208471.89836154,6801
2019-06-26 20:00:00,2019-06-26 19:59:26,6802,7.492131,46.983567,614,612,35.1,385329.145400622,5204441.35019714,6802
2019-06-26 20:00:00,2019-06-26 19:52:38,6803,7.440507,46.998225,575,575,33.4,381435.720792607,5206147.05001621,6803
2019-06-26 20:00:00,2019-06-26 19:59:45,6807,7.407225,46.873753,-999,783,NA,378624.428944939,5192366.35520312,6807
2019-06-26 20:00:00,2019-06-26 19:58:23,6808,7.419838,46.92396,592,590,34.1,379697.945769135,5197926.01155073,6808
2019-06-26 20:00:00,NA,6809,7.457709,46.961876,561,561,NA,382664.011236566,5202081.93542844,6809
2019-06-26 20:00:00,2019-06-26 19:56:20,6812,7.441151,46.998833,580,576,34.5,381486.02631441,5206213.63848565,6812
2019-06-26 20:00:00,NA,6813,7.403349,46.994925,604,591,NA,378603.267022132,5205837.26028122,6813
2019-06-26 20:00:00,2019-06-26 19:38:50,6819,7.47345,46.927853,-999,540,34.4,383787.930525463,5198277.76243815,6819
2019-06-26 20:00:00,2019-06-26 19:54:14,6821,7.476384,46.978063,555,557,32.2,384119.738013696,5203852.89577142,6821
2019-06-26 20:00:00,2019-06-26 19:54:38,6823,7.458784,46.985129,547,547,31.3,382796.618955808,5204664.27293519,6823
2019-06-26 20:00:00,2019-06-26 19:56:11,6824,7.545666,46.877001,-999,523,30.1,389180.700544693,5192522.48921222,6824
2019-06-26 20:00:00,2019-06-26 19:57:56,6827,7.4278609,46.9292341,581,583,29.9,380320.490881347,5198499.80468904,6827
2019-06-26 20:00:00,2019-06-26 19:52:46,6830,7.441103,46.935,519,521,30.6,381341.271270676,5199120.39931144,6830
2019-06-26 20:00:00,2019-06-26 19:56:28,6831,7.3914873165676,46.945963055649,556,556,34.8,377589.728898708,5200414.92165855,6831
2019-06-26 20:00:00,2019-06-26 19:57:41,6833,7.4937277060625,46.95330943829,571,571,32.8,385385.94174751,5201076.69823996,6833
2019-06-26 20:00:00,2019-06-26 19:55:24,6834,7.424508,46.980519,575,589,31.3,380179.807069076,5204203.84314364,6834
2019-06-26 20:00:00,2019-06-26 19:56:43,6838,7.424581,46.95384,557,556,33.3,380125.758041487,5201239.0835508,6838
2019-06-26 20:00:00,2019-06-26 19:59:40,6840,7.437608,46.9541,557,563,32.6,381117.546915438,5201248.13502523,6840
2019-06-26 20:00:00,2019-06-26 19:49:47,6842,7.454834,46.99823,530,563,32.8,382524.958894669,5206126.01818133,6842
2019-06-26 20:00:00,2019-06-26 19:53:45,6852,7.538521,46.899067,555,536,32.3,388681.932850749,5194984.61766425,6852
2019-06-26 20:00:00,2019-06-26 19:58:12,6853,7.435441,46.939872,528,529,36.3,380921.10697248,5199670.37194227,6853
2019-06-26 20:00:00,2019-06-26 20:01:03,6854,7.451518,46.960508,559,562,32.6,382190.010177763,5201939.20676717,6854
2019-06-26 20:00:00,2019-06-26 19:58:52,6857,7.4988874000001,46.968687,543,544,NA,385811.272076984,5202777.96827615,6857
2019-06-26 20:00:00,2019-06-26 20:01:18,6858,7.447626,46.928757,562,558,32.1,381824.040342832,5198416.81144129,6858
2019-06-26 20:00:00,2019-06-26 19:57:03,6859,7.441307,46.9814192,-999,496,34.3,381459.38258335,5204278.32216856,6859
2019-06-26 20:00:00,2019-06-26 19:51:40,6862,7.410202,46.9100879,668,668,NA,378933.095736049,5196399.34408259,6862
2019-06-26 20:00:00,2019-06-26 19:53:16,6865,7.483602,47.012494,552,552,33.6,384742.772134918,5207668.34340506,6865
2019-06-26 20:00:00,2019-06-26 19:56:57,6866,7.4580323,46.9619298,562,558,35.7,382688.724810487,5202087.42986475,6866
2019-06-26 20:00:00,2019-06-26 20:01:37,6870,7.423537,46.9809,589,586,30.8,380106.813207971,5204247.66649341,6870
2019-06-26 20:00:00,2019-06-26 19:59:51,6872,7.434896,46.924704,635,631,31.6,380845.983652657,5197985.69664515,6872
2019-06-26 20:00:00,2019-06-26 20:01:01,6873,7.5016915,46.978699,623,619,36.3,386045.848805102,5203886.45255405,6873
2019-06-26 20:00:00,2019-06-26 19:57:05,6874,7.458465,46.955643,564,563,32.1,382707.903055705,5201388.17499876,6874
2019-06-26 20:00:00,2019-06-26 19:50:30,6877,7.42806,46.92859,598,600,36.3,380334.212337684,5198427.92700573,6877
2019-06-26 20:00:00,2019-06-26 19:52:07,6880,7.490526,46.972933,-999,557,32.4,385184.32419445,5203262.01502702,6880
2019-06-26 20:00:00,2019-06-26 19:54:49,6883,7.484818,46.960169,554,552,34.8,384722.737625581,5201852.01911983,6883
2019-06-26 20:00:00,2019-06-26 19:57:49,6885,7.428068,46.946689,538,540,32.5,380375.145272448,5200439.11881895,6885
2019-06-26 20:00:00,2019-06-26 20:00:29,6886,7.46186,46.983763,542,543,NA,383027.552522201,5204507.88127122,6886
2019-06-26 20:00:00,2019-06-26 19:57:01,6887,7.4327622000001,46.9379496,540,540,32.9,380712.956020174,5199460.82238121,6887
2019-06-26 20:00:00,2019-06-26 19:52:33,6892,7.464355,46.965649,-999,556,36.1,383177.839764541,5202491.27384718,6892
2019-06-26 20:00:00,NA,6897,7.447872,47.001315,-999,576,NA,382002.458168933,5206479.29963089,6897
2019-06-26 20:00:00,2019-06-26 19:51:51,6900,7.435748,46.956348,562,565,32.7,380981.007240507,5201500.76165463,6900
2019-06-26 20:00:00,2019-06-26 19:52:10,6904,7.4810364,46.9728053,576,529,31.2,384462.249572548,5203261.7728598,6904
2019-06-26 20:00:00,2019-06-26 19:52:07,6906,7.4311358,46.9384338,-999,544,31.1,380590.244704678,5199517.10363722,6906
2019-06-26 20:00:00,2019-06-26 19:58:14,6912,7.417102,46.972069,-999,485,31.2,379597.601778251,5203276.20625555,6912
2019-06-26 20:00:00,2019-06-26 19:52:44,6913,7.502603,46.88372,524,524,31.6,385913.621521436,5193330.82106173,6913
2019-06-26 20:00:00,NA,6915,7.4986483,46.9722062,579,575,NA,385800.576667782,5203169.38155398,6915
2019-06-26 20:00:00,2019-06-26 19:54:57,6919,7.474028,46.94648,566,575,NA,383872.217473141,5200346.78548253,6919
2019-06-26 20:00:00,2019-06-26 19:55:34,6921,7.468039,46.950988,575,583,34.4,383426.246596748,5200856.61596497,6921
2019-06-26 20:00:00,2019-06-26 19:53:32,6925,7.3945322,46.9501164,560,573,30.9,377830.897762634,5200871.70131887,6925
2019-06-26 20:00:00,2019-06-26 19:58:09,6926,7.534615,46.929496,603,600,33.4,388447.59783898,5198371.50833685,6926
2019-06-26 20:00:00,2019-06-26 19:57:45,6928,7.4969515,46.8978,520,520,35.8,385513.012553993,5194903.64731506,6928
2019-06-26 20:00:00,2019-06-26 19:53:02,6930,7.4458447,46.9555802,543,544,36,381747.528791112,5201400.1592963,6930
2019-06-26 20:00:00,2019-06-26 19:52:41,6931,7.4275652,46.9220007,637,637,32.4,380281.863288144,5197696.46497568,6931
2019-06-26 20:00:00,2019-06-26 19:52:58,6934,7.5088548660278,46.931882912494,566,568,32.5,386491.681130044,5198673.71592903,6934
2019-06-26 20:00:00,2019-06-26 19:58:44,6941,7.5242920000001,46.95858,562,560,36.1,387722.607476883,5201618.14166741,6941
2019-06-26 20:00:00,2019-06-26 19:52:33,6942,7.4970367,46.9412305,609,558,30.5,385611.988895043,5199729.61974095,6942
2019-06-26 20:00:00,2019-06-26 19:54:23,6943,7.428026,46.954736,558,561,32.7,380389.881876644,5201333.38662902,6943
2019-06-26 20:00:00,2019-06-26 19:57:38,6944,7.4808611999999,46.9549059,558,557,32.1,384410.367495318,5201272.9954078,6944
2019-06-26 20:00:00,2019-06-26 19:57:18,6945,7.450103,47.018766,559,554,36.9,382210.443457861,5208415.16182145,6945
2019-06-26 20:00:00,NA,6948,7.422607,46.973454,498,495,NA,380019.428123244,5203421.66762889,6948
2019-06-26 20:00:00,2019-06-26 19:57:25,6956,7.495994030891,46.897851525541,519,521,35.8,385440.193119939,5194910.77056668,6956
2019-06-26 20:00:00,2019-06-26 19:54:02,6957,7.489371,47.020132,525,522,33,385197.625333789,5208508.63390214,6957
2019-06-26 20:00:00,2019-06-26 19:56:35,6960,7.4151792375733,47.006096914618,612,611,NA,379527.849908781,5207060.45542453,6960
2019-06-26 20:00:00,NA,6961,7.419095,46.935688,-999,553,NA,379667.655503616,5199230.3929172,6961
2019-06-26 20:00:00,2019-06-26 19:54:16,6971,7.454115,46.947734,535,533,35.3,382359.59336884,5200515.82401752,6971
2019-06-26 20:00:00,2019-06-26 19:58:23,6975,7.49361,46.898351,-999,519,35.6,385259.670419879,5194969.75699734,6975
2019-06-26 20:00:00,2019-06-26 20:00:29,6976,7.412093,46.94328,552,552,NA,379151.786708181,5200084.80395101,6976
2019-06-26 20:00:00,2019-06-26 19:57:55,6983,7.39566,46.885743,737,734,31.6,377770.384536942,5193716.6488277,6983
2019-06-26 20:00:00,2019-06-26 19:51:55,6987,7.455359,46.956207,564,565,32.2,382472.813116597,5201455.50087751,6987
2019-06-26 20:00:00,NA,6988,7.504165,46.933265,562,563,NA,386137.616357787,5198834.09665841,6988
2019-06-26 20:00:00,2019-06-26 20:00:36,6995,7.4230158960055,46.97374169685,500,495,32.3,380051.172695142,5203453.01135117,6995
2019-06-26 20:00:00,2019-06-26 19:59:30,6996,7.497794,46.901164,517,515,31.6,385584.342481717,5195276.23241653,6996
2019-06-26 20:00:00,2019-06-26 19:56:33,6999,7.456096,46.987862,526,512,38,382598.195770903,5204971.99790875,6999
2019-06-26 20:00:00,2019-06-26 19:54:45,7004,7.463844,46.92104,563,564,35.3,383041.833307359,5197534.9671086,7004
2019-06-26 20:00:00,2019-06-26 19:59:58,7007,7.5074000358582,46.893299102783,-999,515,30.7,386299.34935066,5194388.30505066,7007
2019-06-26 20:00:00,2019-06-26 19:51:39,7013,7.4864001274109,46.926601409912,-999,529,35.5,384771.088530679,5198119.57237548,7013
2019-06-26 20:00:00,2019-06-26 19:58:54,7014,7.5089998245239,46.933101654053,-999,563,33.8,386505.290671406,5198808.93579327,7014
2019-06-26 20:00:00,2019-06-26 19:52:20,7024,7.4145002365112,46.925800323486,436,575,30.2,379295.708772921,5198138.71447063,7024
2019-06-26 20:00:00,2019-06-26 19:56:21,7025,7.4345998764038,46.925399780273,-999,631,36.9,380824.983041223,5198063.46324854,7025
2019-06-26 20:00:00,NA,7063,7.4461998939514,46.956199645996,-999,544,NA,381775.91891012,5201468.4580386,7063
2019-06-26 20:00:00,2019-06-26 19:51:38,7064,7.4499001502991,46.939399719238,-999,530,33.2,382020.540185797,5199596.03114162,7064
2019-06-26 20:00:00,2019-06-26 20:00:37,7065,7.4548997879028,46.950401306152,-999,510,33.5,382425.15631221,5200811.04481482,7065
2019-06-26 20:00:00,2019-06-26 19:57:28,7068,7.4384999275208,46.978000640869,-999,522,30.5,381238.333574748,5203902.69195332,7068
2019-06-26 20:00:00,2019-06-26 19:58:09,7069,7.4713001251221,46.94580078125,522,563,32.4,383663.15528304,5200275.35342853,7069
2019-06-26 20:00:00,2019-06-26 19:57:28,7070,7.4839000701904,47.016799926758,444,530,NA,384774.691558276,5208146.39643671,7070
2019-06-26 20:00:00,2019-06-26 19:53:40,7071,7.4173002243042,46.999698638916,-999,593,30.8,379674.708323896,5206346.19599028,7071
2019-06-26 20:00:00,2019-06-26 19:52:49,7083,7.489168,46.959118,551,551,34.3,385051.435478966,5201728.83994185,7083
2019-06-26 20:00:00,2019-06-26 19:56:47,7089,7.4204724010467,46.927516062222,568,567,33.2,379754.20317054,5198320.19578718,7089
2019-06-26 20:00:00,2019-06-26 19:56:30,7094,7.4231850216518,46.933562077417,613,565,35.1,379974.21587444,5198987.88647809,7094
2019-06-26 20:00:00,2019-06-26 20:00:07,7095,7.5457147582736,46.956269378285,602,607,30.7,389347.74343535,5201330.91288032,7095
2019-06-26 20:00:00,2019-06-26 19:52:28,7096,7.53672,46.956749,567,593,35.8,388664.363854061,5201396.94713873,7096
2019-06-26 20:00:00,2019-06-26 19:52:36,7097,7.4260001182556,46.961601257324,436,566,31.5,380251.057773329,5202099.36636866,7097
2019-06-26 20:00:00,2019-06-26 19:50:23,7098,7.4757812,46.9719757,606,553,NA,384060.733592792,5203177.34703961,7098
2019-06-26 20:00:00,NA,7105,7.3861386,46.944361,559,559,NA,377179.025535296,5200245.26345851,7105
2019-06-26 20:00:00,2019-06-26 19:59:18,7107,7.4736761,46.9354406,553,552,32,383821.555222944,5199120.57996859,7107
2019-06-26 20:00:00,2019-06-26 19:52:25,7110,7.441155,46.925391,663,674,31.8,381324.001699892,5198052.54648189,7110
2019-06-26 20:00:00,2019-06-26 19:58:17,7114,7.4566,47.0184895,561,561,37,382703.590562071,5208374.68290737,7114
2019-06-26 20:00:00,2019-06-26 20:01:18,7115,7.445795,46.941068,507,512,34,381711.773770264,5199787.60031606,7115
2019-06-26 20:00:00,2019-06-26 19:58:26,7118,7.4209767,46.9282435,564,564,34.9,379794.221404989,5198400.25707524,7118
2019-06-26 20:00:00,2019-06-26 20:01:02,7121,7.5286998748779,46.962501525879,-999,661,30.8,388066.150708409,5202047.60911797,7121
2019-06-26 20:00:00,NA,7122,7.4489998817444,47.020900726318,-999,560,NA,382131.308832269,5208654.04107251,7122
2019-06-26 20:00:00,2019-06-26 19:52:06,7127,7.4557013562981,46.990758676104,538,540,37.1,382574.532289549,5205294.47794784,7127
2019-06-26 20:00:00,2019-06-26 19:51:31,7129,7.4344614356742,46.938152381874,-999,534,30,380842.737625977,5199480.77207482,7129
2019-06-26 20:00:00,2019-06-26 19:53:08,7130,7.500771,46.980126,597,622,35.8,385978.875361207,5204046.36480302,7130
2019-06-26 20:00:00,NA,7131,7.502605,46.984535,-999,651,NA,386127.718728669,5204533.64078348,7131
2019-06-26 20:00:00,2019-06-26 19:55:52,7132,7.4546987,46.9961179,560,558,31.6,382510.04208766,5205891.51705643,7132
2019-06-26 20:00:00,NA,7133,7.5426968,46.8959382,529,529,NA,388993.53306208,5194631.02254635,7133
2019-06-26 20:00:00,2019-06-26 19:52:02,7137,7.394748,46.968891,499,508,31.3,377890.050506718,5202957.6484523,7137
2019-06-26 20:00:00,2019-06-26 19:58:32,7138,7.48333,46.95528,556,556,NA,384599.017283247,5201310.9287317,7138
2019-06-26 20:00:00,2019-06-26 19:56:36,7142,7.412302,46.924645,577,577,NA,379125.760264161,5198013.71845521,7142
2019-06-26 20:00:00,2019-06-26 19:59:31,7143,7.492586,46.976808,599,599,31.9,385349.296230278,5203689.60141567,7143
2019-06-26 20:00:00,2019-06-26 19:56:43,7145,7.445463,47.002276,580,581,32.5,381821.441269936,5206589.72153598,7145
2019-06-26 20:00:00,2019-06-26 19:52:49,7146,7.454218,47.018142,562,561,31.4,382521.802326459,5208339.63838543,7146
2019-06-26 20:00:00,2019-06-26 19:53:40,7147,7.500587,46.977559,615,617,32.6,385959.422865127,5203761.37886432,7147
2019-06-26 20:00:00,2019-06-26 19:57:45,7153,7.44327,46.943614,508,507,32.9,381525.220875997,5200074.33105259,7153
2019-06-26 20:00:00,2019-06-26 19:57:23,7156,7.458103,46.931825,517,519,33.2,382628.303180722,5198741.99870436,7156
2019-06-26 20:00:00,2019-06-26 19:51:22,7158,7.478327,46.933852,552,554,36.1,384172.133999933,5198937.16987025,7158
2019-06-26 20:00:00,NA,7159,7.4080319,46.9270014,611,610,NA,378805.991440491,5198282.15727049,7159
2019-06-26 20:00:00,2019-06-26 19:59:47,7160,7.459884,46.963472,558,560,NA,382832.965692924,5202256.03365384,7160
2019-06-26 20:00:00,2019-06-26 19:58:00,7161,7.4254360713847,46.941235868933,552,549,32.8,380162.686471823,5199837.17298227,7161
2019-06-26 20:00:00,NA,7164,7.49389,47.020841,523,524,NA,385542.563127242,5208580.80507443,7164
2019-06-26 20:00:00,2019-06-26 20:01:26,7166,7.445642,46.990234,538,533,NA,381808.494251683,5205251.30221543,7166
2019-06-26 20:00:00,2019-06-26 19:59:02,7169,7.478745,46.944358,-999,571,30,384226.60375623,5200104.00637197,7169
2019-06-26 20:00:00,2019-06-26 19:53:22,7175,7.446179,47.002729,579,581,35.25,381876.870597484,5206638.98041491,7175
2019-06-26 20:00:00,NA,7176,7.430277,46.883455,889,885,NA,380402.615792025,5193409.06272726,7176
2019-06-26 20:00:00,2019-06-26 19:54:22,7178,7.487395,46.97643,569,571,32,384953.675114557,5203655.20549981,7178
2019-06-26 20:00:00,2019-06-26 20:01:00,7182,7.507386,46.881251,553,555,NA,386272.813601428,5193049.5192286,7182
2019-06-26 20:00:00,NA,7187,7.4260105,46.9493625,555,558,NA,380224.536345419,5200739.34677016,7187
2019-06-26 20:00:00,NA,7188,7.458636,46.987557,550,551,NA,382790.672838092,5204934.30190437,7188
2019-06-26 20:00:00,2019-06-26 20:00:19,7189,7.453056,46.947579,542,538,35.6,382278.665863677,5200500.18977956,7189
2019-06-26 20:00:00,2019-06-26 19:53:21,7190,7.54385,46.927131,-999,616,NA,389145.721864516,5198095.60734721,7190
2019-06-26 20:00:00,2019-06-26 20:00:30,7192,7.427421,46.930407,571,573,31.3,380289.617851007,5198630.81145673,7192
2019-06-26 20:00:00,2019-06-26 19:55:00,7193,7.4770596,46.9316579,547,542,31.1,384070.927006752,5198695.2290786,7193
2019-06-26 20:00:00,2019-06-26 19:52:55,7196,7.528085,46.95883,-999,576,34.3,388011.71058034,5201640.49596344,7196
2019-06-26 20:00:00,2019-06-26 19:58:35,7198,7.542116,46.890828,524,525,30.05,388938.74140734,5194063.98897749,7198
2019-06-26 20:00:00,2019-06-26 19:59:19,7199,7.3885955102811,46.941244918897,-999,562,36.2,377358.884902642,5199895.15089099,7199
2019-06-26 20:00:00,2019-06-26 20:00:36,7201,7.4857898,46.9797014,590,596,30.1,384838.613569835,5204021.09243655,7201
2019-06-26 20:00:00,2019-06-26 19:53:03,7202,7.482016,46.944855,556,559,35.1,384476.605043483,5200154.40900254,7202
2019-06-26 20:00:00,2019-06-26 19:56:09,7203,7.4892048,47.0110202,556,555,36.6,385165.45902178,5207496.33784072,7203
2019-06-26 20:00:00,2019-06-26 20:01:36,7207,7.394022,46.944529,560,564,34.6,377779.354140802,5200251.61111769,7207
2019-06-26 20:00:00,2019-06-26 19:53:44,7208,7.396073,46.947351,553,554,NA,377941.856053775,5200562.00298758,7208
2019-06-26 20:00:00,2019-06-26 19:55:03,7209,7.46391,46.920976,563,564,32.6,383046.71896513,5197527.75686153,7209
2019-06-26 20:00:00,2019-06-26 19:56:09,7210,7.4710001945496,46.910301208496,570,572,NA,383563.41181132,5196331.00227522,7210
2019-06-26 20:00:00,2019-06-26 20:01:22,7211,7.508901,46.954489,630,632,34,386542.971780412,5201185.70005553,7211
2019-06-26 20:00:00,2019-06-26 19:54:06,7214,7.460041,46.995785,560,560,34.1,382915.485581618,5205846.52470194,7214
2019-06-26 20:00:00,2019-06-26 19:58:11,7216,7.3961201,46.9360459,562,563,32.2,377919.739050376,5199305.68045816,7216
2019-06-26 20:00:00,2019-06-26 19:52:05,7217,7.5427482,46.8996419,541,541,NA,389005.092717251,5195042.51255271,7217
2019-06-26 20:00:00,2019-06-26 20:00:45,7220,7.457319,47.025306,536,533,33.4,382773.157587594,5209131.08289781,7220
2019-06-26 20:00:00,2019-06-26 19:57:20,7225,7.458561,46.987557,550,551,32.2,382784.969736731,5204934.41411887,7225
2019-06-26 20:00:00,2019-06-26 20:01:27,7226,7.5025827,46.9788785,626,627,34.6,386114.009364692,5203905.1034469,7226
2019-06-26 20:00:00,2019-06-26 19:51:50,7227,7.4956645,46.954951,572,572,34.5,385536.813397403,5201256.28321079,7227
2019-06-26 20:00:00,2019-06-26 19:52:11,7228,7.4594346,46.9604446,558,560,33.1,382792.164411882,5201920.29204919,7228
2019-06-26 20:00:00,2019-06-26 20:00:36,7230,7.390832,46.939779,562,563,32.8,377525.753583222,5199728.75839573,7230
2019-06-26 20:00:00,2019-06-26 19:55:46,7231,7.441978,46.932206,544,542,35.4,381401.703236218,5198808.5996114,7231
2019-06-26 20:00:00,2019-06-26 19:57:32,7233,7.417466,46.939649,557,558,35,379552.548964666,5199673.04991603,7233
2019-06-26 20:00:00,2019-06-26 19:57:57,7234,7.453984,46.95857,565,565,NA,382373.374643821,5201720.14679109,7234
2019-06-26 20:00:00,2019-06-26 19:55:33,7237,7.4805881,46.9734137,530,529,NA,384429.461778003,5203330.04131666,7237
2019-06-26 20:00:00,2019-06-26 19:59:58,7240,7.512261,46.931935,570,569,32.7,386751.06738141,5198674.57900977,7240
2019-06-26 20:00:00,2019-06-26 19:55:09,7242,7.496406,46.9777,587,594,37.2,385641.734937145,5203783.14099629,7242
2019-06-26 20:00:00,2019-06-26 19:56:31,7244,7.49737,46.888072,531,534,NA,385524.186720784,5193822.04372121,7244
2019-06-26 20:00:00,2019-06-26 20:00:17,7245,7.503233,46.934145,564,565,NA,386068.54064287,5198933.2383283,7245
2019-06-26 20:00:00,2019-06-26 20:01:11,7247,7.502838,47.024398,517,521,NA,386230.117565958,5208963.032439,7247
2019-06-26 20:00:00,2019-06-26 19:57:50,7249,7.501129,46.974445,599,599,NA,385994.025558481,5203414.55209125,7249
2019-06-26 20:00:00,2019-06-26 20:01:11,7252,7.498764,46.941323,561,569,NA,385743.645620897,5199737.37986376,7252
2019-06-26 20:00:00,NA,7257,7.470347,46.951768,575,578,NA,383603.561267472,5200939.86196878,7257
2019-06-26 20:00:00,NA,7259,7.456148,47.015006,564,565,NA,382661.607379019,5207988.25996145,7259
2019-06-26 20:00:00,NA,7260,7.502349,46.887126,521,521,NA,385901.493081703,5193709.67084146,7260
2019-06-26 20:00:00,NA,7263,7.454001,46.947773,539,533,NA,382351.003686349,5200520.32888591,7263
2019-06-26 20:00:00,NA,7264,7.4757489,46.9719883,-999,553,NA,384058.303977566,5203178.79498194,7264
2019-06-26 20:00:00,NA,7265,7.403191,46.995242,590,591,NA,378591.972288274,5205872.73125997,7265
2019-06-26 20:00:00,NA,7266,7.483084,46.947425,556,558,NA,384563.40812188,5200438.42116431,7266
2019-06-26 20:00:00,NA,7268,7.384614,46.985682,626,619,NA,377157.650264029,5204839.35509675,7268
2019-06-26 20:00:00,NA,7270,7.498300075531,46.891300201416,519,519,NA,385601.907613897,5194179.4106812,7270
2019-06-26 20:00:00,NA,7271,7.485994,46.953849,555,557,NA,384798.642063148,5201147.99314117,7271
2019-06-26 20:00:00,NA,7274,7.465731,46.938187,548,549,NA,383222.783643019,5199437.56997359,7274
2019-06-26 20:00:00,NA,7276,7.4515333175647,46.945214820616,507,512,NA,382157.603304654,5200239.76372584,7276
2019-06-26 20:00:00,NA,7277,7.43861,46.95083,561,564,NA,381186.549530131,5200883.2445908,7277
2019-06-26 20:00:00,NA,7279,7.4279951600321,46.946829594327,541,540,NA,380369.915505982,5200454.85317433,7279
2019-06-26 20:00:00,NA,7281,7.4079587778027,46.919950305467,582,581,NA,378784.51791928,5197498.73815586,7281
2019-06-26 20:00:00,NA,7282,7.4113932,46.9237773,587,587,NA,379054.619601336,5197918.69903107,7282
2019-06-26 20:00:00,NA,7285,7.4338150299293,46.934980216265,548,549,NA,380786.497297471,5199129.25608448,7285
2019-06-26 20:00:00,NA,7290,7.3918991,46.9339012,564,566,NA,377593.572643805,5199073.93764719,7290
2019-06-26 20:00:00,NA,7291,7.4799683,46.9609625,554,554,NA,384355.481299084,5201947.33969554,7291
2019-06-26 20:00:00,NA,7293,7.505425,46.877959,544,552,NA,386116.434021436,5192686.55063298,7293
2019-06-26 20:00:00,NA,7294,7.460622,46.995597,561,561,NA,382959.248253536,5205824.76518134,7294
2019-06-26 20:00:00,NA,7298,7.44702,46.951716,522,516,NA,381828.445776527,5200968.9863103,7298
2019-06-26 20:00:00,NA,7299,7.44175,46.973581,511,512,NA,381475.750211963,5203406.64651252,7299
2019-06-26 20:00:00,NA,7300,7.4975585,46.8977372,517,517,NA,385559.113327642,5194895.78327151,7300
2019-06-26 20:00:00,NA,7302,7.4293248,46.944256,532,532,NA,380465.36981626,5200166.84060949,7302
2019-06-26 20:00:00,NA,7303,7.448923,46.951359,511,531,NA,381972.464176516,5200926.44836656,7303
2019-06-26 20:00:00,NA,7304,7.497727,46.985524,650,653,NA,385758.875024956,5204650.64349121,7304
2019-06-26 20:00:00,NA,7306,7.471201,46.980317,549,548,NA,383730.43299157,5204111.04612978,7306
2019-06-26 20:00:00,NA,7307,7.506693,46.931892,561,560,NA,386327.138173288,5198677.85749877,7307
2019-06-26 20:00:00,NA,7310,7.5305558,46.9571036,556,555,NA,388196.097982431,5201445.125685,7310
2019-06-26 20:00:00,NA,7311,7.486039,46.953829,555,557,NA,384802.023152145,5201145.70454776,7311
2019-06-26 20:00:00,NA,7314,7.436207,46.951283,565,566,NA,381004.701341154,5200937.22826965,7314
2019-06-26 20:00:00,NA,7318,7.4944887,46.9414472,560,562,NA,385418.530279753,5199757.42077607,7318
2019-06-26 20:00:00,NA,7321,7.389164,46.948211,560,562,NA,377418.057213953,5200668.34918653,7321
2019-06-26 20:00:00,NA,7323,7.455374,46.94095,551,550,NA,382440.547062583,5199760.07969795,7323
2019-06-26 20:00:00,NA,7324,7.53472,46.929411,601,600,NA,388455.414347525,5198361.91355143,7324
2019-06-26 20:00:00,NA,7325,7.49754,46.887976,531,534,NA,385536.933485946,5193811.12804033,7325
2019-06-26 20:00:00,NA,7327,7.471289,46.9803,549,550,NA,383737.088677855,5204109.02644701,7327
2019-06-26 20:00:00,NA,7328,7.4086999893188,46.923400878906,595,596,NA,378848.732104151,5197881.02751103,7328
2019-06-26 20:00:00,NA,7329,7.5429074,46.8996453,542,541,NA,389017.225395517,5195042.66514901,7329
2019-06-26 20:00:00,NA,7330,7.4167446915152,46.935987014676,555,556,NA,379489.433147769,5199267.22991997,7330
2019-06-26 20:00:00,NA,7331,7.4359902050832,46.945450705175,542,543,NA,380975.273902864,5200289.45760608,7331
2019-06-26 20:00:00,NA,7333,7.4594336,46.9604043,558,559,NA,382792.000304414,5201915.81529157,7333
2019-06-26 20:00:00,NA,7334,7.495114,47.022766,520,521,NA,385639.691535047,5208792.93052915,7334
2019-06-26 20:00:00,NA,7335,7.473952,46.946532,574,575,NA,383866.546386283,5200352.67644881,7335
2019-06-26 20:00:00,NA,7337,7.432678,46.937641,544,545,NA,380705.861884038,5199426.65811813,7337
2019-06-26 20:00:00,NA,7338,7.449059,46.937306,528,529,NA,381951.918068506,5199364.63800318,7338
2019-06-26 20:00:00,NA,7340,7.48922,46.975015,570,569,NA,385089.447750775,5203495.28807611,7340
2019-06-26 20:00:00,NA,7341,7.4509613058443,46.946318169068,515,529,NA,382116.495140054,5200363.23069597,7341
2019-06-26 20:00:00,NA,7342,7.4413623914699,46.93211092265,544,542,NA,381354.633205109,5198798.96570495,7342
2019-06-26 20:00:00,NA,7343,7.394768,46.96891,499,508,NA,377891.615111061,5202959.72862082,7343
2019-06-26 20:00:00,NA,7344,7.420454,46.927404,565,567,NA,379752.55152617,5198307.77140649,7344
2019-06-26 20:00:00,NA,7346,7.4102376,46.9103101,661,668,NA,378936.307160735,5196423.9804054,7346
2019-06-26 20:00:00,NA,7347,7.477993,47.017347,536,536,NA,384326.936505077,5208215.89871656,7347
2019-06-26 20:00:00,NA,7349,7.509965,46.938037,603,610,NA,386589.180893415,5199355.96782981,7349
2019-06-26 20:00:00,NA,7350,7.440388,46.978988,512,514,NA,381384.114693817,5204009.55031853,7350
2019-06-26 20:00:00,NA,7359,7.44358,46.961146,517,514,NA,381587.497450224,5202022.06587344,7359
2019-06-26 20:00:00,NA,7360,7.3919954,46.9349259,565,565,NA,377603.238025912,5199187.65422646,7360
2019-06-26 20:00:00,NA,7361,7.460193,46.995851,560,560,NA,382927.186269883,5205853.63166338,7361
2019-06-26 20:00:00,NA,7363,7.4736919,46.935552,553,552,NA,383822.998824914,5199132.93560426,7363
2019-06-26 20:00:00,NA,7364,7.458556,46.955595,562,563,NA,382714.722040658,5201382.70493197,7364
2019-06-26 20:00:00,NA,7365,7.5053000450134,47.019500732422,532,531,NA,386406.817273831,5208415.25291491,7365
2019-06-26 20:00:00,NA,7366,7.4114038,46.9237937,587,587,NA,379055.463515095,5197920.50508514,7366
2019-06-26 20:00:00,NA,7368,7.423926,46.97361,500,494,NA,380120.101631578,5203436.98401641,7368
2019-06-26 20:00:00,NA,7369,7.455702,47.025135,551,551,NA,382649.910559161,5209114.50308631,7369
2019-06-26 20:00:00,NA,7371,7.4717166720974,46.95080587322,575,575,NA,383705.69806358,5200830.9148346,7371
2019-06-26 20:00:00,NA,7373,7.445486,47.002293,580,581,NA,381823.227235192,5206591.57593305,7373
2019-06-26 20:00:00,NA,7376,7.5305301,46.957176,556,555,NA,388194.293439538,5201453.20765603,7376
2019-06-26 20:00:00,NA,7377,7.458628,46.955577,562,563,NA,382720.160947863,5201380.59698679,7377
2019-06-26 20:00:00,NA,7382,7.412417,46.972796,565,561,NA,379242.882392868,5203364.2020265,7382
2019-06-26 20:00:00,NA,7383,7.435701,46.956361,563,565,NA,380977.460050256,5201502.27762072,7383
2019-06-26 20:00:00,NA,7385,7.4101908465683,46.910581217246,655,653,NA,378933.357488743,5196454.17961198,7385
2019-06-26 20:00:00,NA,7390,7.4143813618896,47.001303738354,599,602,NA,379456.415678745,5206529.04845593,7390
