log$date_time_gmt_plus_2;date_time_gmt_plus_2;;Time HH;Log_1;Log_2;Log_3;Log_4;Log_6;Log_8;Log_9;Log_10;Log_11;Log_12;Log_13;Log_14;Log_15;Log_16;Log_17;Log_18;Log_19;Log_20;Log_21;Log_22;Log_23;Log_25;Log_26;Log_28;Log_29;Log_30;Log_31;Log_32;Log_33;Log_34;Log_35;Log_36;Log_37;Log_38;Log_39;Log_40;Log_41;Log_42;Log_45;Log_46;Log_47;Log_48;Log_50;Log_51;Log_52;Log_53;Log_54;Log_55;Log_57;Log_58;Log_59;Log_60;Log_61;Log_62;Log_63;Log_65;Log_68;Log_69;Log_70;Log_71;Log_73;Log_74;Log_76;Log_77;Log_78;Log_79;Log_80;Log_82;Log_83;Log_86;Log_87;Log_97;Log_99;Log_101;Log_102
26.06.2019 20:00;26.06.2019 20:00;20:00;20.00;32.704;33.743;34.058;30.457;32.291;34.058;31.778;33.222;29.853;32.807;31.166;35.864;34.163;34.479;32.911;34.163;34.058;31.166;33.222;33.639;32.807;33.222;33.848;35.222;33.118;34.903;31.472;29.452;30.356;34.374;34.479;33.743;33.743;33.743;31.676;33.848;32.911;34.479;33.848;33.535;34.585;30.457;33.014;32.394;30.862;33.953;34.163;34.585;35.009;32.704;34.691;33.43;32.704;33.118;34.268;30.356;35.328;35.435;34.585;33.848;33.743;34.796;32.086;30.154;32.394;33.848;32.291;35.864;34.691;33.222;26.683;33.118;33.43;30.963;34.268
26.06.2019 20:10;26.06.2019 20:10;20:10;20.17;32.394;32.497;33.953;30.457;31.778;33.848;31.166;33.014;29.552;32.394;30.659;35.649;34.163;34.374;32.6;33.953;33.743;30.862;32.394;32.704;31.983;33.118;33.848;34.796;32.807;34.374;30.862;29.053;30.154;34.163;34.163;33.639;33.43;33.014;31.166;33.743;32.807;34.163;33.639;32.911;34.268;30.356;32.6;32.291;29.552;33.743;34.058;34.374;34.796;32.497;33.014;33.118;32.497;32.497;33.43;30.054;35.756;34.585;34.479;33.953;33.535;34.691;31.472;30.154;30.054;32.911;32.086;35.435;34.374;32.807;26.585;32.6;32.911;30.963;33.848
26.06.2019 20:20;26.06.2019 20:20;20:20;20.33;31.88;32.291;33.743;30.154;31.268;33.639;30.659;32.394;29.552;31.88;30.154;35.435;34.058;34.268;32.086;33.535;33.535;30.356;31.574;31.778;31.574;32.394;33.743;34.691;32.086;33.848;30.356;28.655;29.953;33.848;33.743;33.326;33.118;32.086;30.659;33.326;32.394;33.848;33.535;32.394;34.058;30.255;31.88;31.983;29.053;33.43;33.848;34.268;34.691;31.472;31.574;32.497;31.88;31.574;32.807;29.252;35.222;33.535;34.374;33.848;33.118;34.374;30.963;30.054;29.252;32.188;31.676;35.009;33.953;32.188;26.292;31.983;32.394;30.76;33.326
26.06.2019 20:30;26.06.2019 20:30;20:30;20.50;31.37;31.676;33.43;29.352;30.659;33.326;30.054;31.778;28.953;31.37;29.552;35.115;33.848;34.163;31.574;32.497;33.222;29.953;30.76;31.064;30.862;31.676;33.535;34.374;31.064;33.43;29.752;28.258;29.752;33.326;33.326;32.6;32.807;30.963;30.154;33.118;31.778;33.43;33.639;31.88;33.848;30.054;31.064;31.676;28.555;33.014;33.639;33.953;34.585;30.558;30.659;31.574;30.963;30.558;32.291;28.555;34.585;32.807;34.163;33.743;32.704;34.163;30.356;30.054;28.456;31.472;31.268;34.374;33.222;31.778;25.805;30.963;31.268;30.558;32.807
26.06.2019 20:40;26.06.2019 20:40;20:40;20.67;30.862;31.166;33.118;28.357;30.154;33.014;29.452;31.064;28.159;30.862;29.053;34.585;33.743;34.163;31.166;31.983;32.6;29.452;30.154;30.558;30.356;30.862;33.326;33.953;29.953;33.222;29.152;27.862;29.452;32.6;33.014;31.88;32.394;30.054;29.652;32.394;31.166;32.911;33.326;31.064;33.639;29.853;29.853;31.472;27.961;32.6;33.639;33.639;33.953;29.752;30.054;30.963;30.356;29.552;31.574;27.961;33.848;32.291;34.058;33.43;32.291;33.953;29.752;30.054;27.862;30.255;30.659;33.535;32.497;31.166;25.319;30.154;30.255;30.457;32.188
26.06.2019 20:50;26.06.2019 20:50;20:50;20.83;30.558;30.963;32.807;27.764;29.452;32.704;28.953;30.457;27.567;30.457;28.456;33.848;33.326;33.953;30.76;31.574;32.188;29.352;29.552;29.853;29.752;29.652;32.807;32.911;29.053;32.807;28.357;27.468;29.152;32.086;32.291;31.268;31.88;29.252;29.152;31.983;30.659;32.497;32.704;30.659;33.014;29.652;28.953;31.064;26.879;32.188;33.326;33.118;32.911;28.853;29.752;30.457;30.054;28.754;30.76;27.665;33.118;31.574;33.743;33.118;31.676;33.535;29.152;29.953;27.37;29.352;29.752;32.911;31.88;30.659;25.222;28.953;29.252;30.054;31.574
26.06.2019 21:00;26.06.2019 21:00;21:00;21.00;29.853;30.659;32.497;26.879;28.953;32.291;28.258;29.853;26.683;29.953;27.961;32.911;32.704;33.743;30.356;30.963;31.574;28.357;28.754;28.953;29.053;28.555;31.88;32.086;28.06;32.291;27.764;27.075;28.853;31.574;31.676;30.963;30.963;28.655;28.655;31.37;30.255;32.086;32.497;30.154;32.291;29.652;28.159;30.659;25.902;31.88;32.911;32.394;32.086;28.258;29.053;30.054;29.352;28.06;29.752;26.879;32.394;30.659;33.326;32.807;31.166;33.222;28.555;29.853;26.585;28.555;29.152;32.188;31.268;30.054;24.738;27.764;28.06;29.552;30.862
26.06.2019 21:10;26.06.2019 21:10;21:10;21.17;29.252;29.853;32.086;26.195;28.159;31.472;27.665;29.452;26.488;29.552;27.468;32.086;32.086;33.118;29.853;30.457;30.862;27.272;28.159;28.456;28.456;27.764;31.268;31.166;27.272;31.574;27.173;26.585;28.456;31.064;31.166;30.457;30.558;28.159;28.159;30.659;29.853;31.574;32.188;30.154;31.983;29.252;27.272;30.255;25.028;31.472;32.6;31.676;31.37;27.567;28.456;29.552;29.152;27.567;28.953;26.683;31.574;30.054;32.807;32.291;30.558;32.807;27.862;29.652;26.488;27.37;28.456;31.676;30.558;29.452;24.545;27.173;27.468;28.853;30.255
26.06.2019 21:20;26.06.2019 21:20;21:20;21.33;28.953;28.853;31.472;26.292;27.37;31.064;27.173;28.953;26.781;29.152;26.977;31.37;31.778;32.6;29.452;30.054;30.457;26.585;27.764;27.961;27.665;27.173;30.76;30.356;26.488;31.064;26.585;26.195;28.159;30.558;30.76;30.154;29.652;27.764;27.665;29.853;29.452;31.064;31.676;29.552;31.574;28.655;26.977;29.853;24.448;31.064;32.291;31.472;31.064;27.075;28.06;29.252;28.853;26.879;28.159;26.195;31.268;29.652;32.291;31.88;30.054;32.394;27.468;29.352;25.902;26.488;27.862;31.268;30.054;28.754;24.255;26.683;27.075;28.258;29.752
26.06.2019 21:30;26.06.2019 21:30;21:30;21.50;28.754;28.655;30.963;26.195;26.879;30.558;26.781;28.555;26.585;28.655;26.585;30.862;31.064;31.983;28.953;29.552;30.054;26.683;27.075;27.665;26.977;26.781;30.255;29.853;25.708;30.457;25.902;25.902;27.764;29.953;30.154;29.853;29.352;27.567;27.272;29.652;28.953;30.558;30.558;29.053;30.862;28.159;26.097;29.352;23.773;30.558;31.574;30.862;30.457;26.488;27.567;29.053;28.159;26.488;27.567;24.931;30.76;29.053;31.778;31.37;29.452;31.676;26.879;29.053;25.222;25.61;27.468;30.76;29.652;28.159;23.581;26;26.585;27.764;29.352
26.06.2019 21:40;26.06.2019 21:40;21:40;21.67;28.357;28.357;30.659;26;26.39;30.054;26.195;28.258;26.292;28.357;26.195;30.356;30.457;31.472;28.754;28.953;29.652;26.195;26.39;27.37;26.39;26.585;29.953;29.252;25.805;30.154;25.513;25.513;27.468;29.352;29.452;29.552;29.152;27.37;26.879;29.352;28.456;30.255;30.054;28.853;30.154;27.862;25.416;28.853;23.1;30.054;30.862;30.255;30.054;26;26.879;28.655;27.862;26;27.075;24.545;30.255;28.655;31.166;30.862;29.152;31.268;26.488;28.655;24.931;24.931;26.977;30.154;29.352;27.468;23.388;25.416;26.097;27.272;29.053
26.06.2019 21:50;26.06.2019 21:50;21:50;21.83;28.159;27.961;30.356;25.902;26.292;29.652;25.805;27.961;26;27.961;25.805;29.652;29.953;30.963;28.357;28.357;28.953;26.292;26.097;26.977;26;26.292;29.652;28.853;25.805;29.552;25.125;25.222;27.075;28.853;28.853;29.252;28.853;27.075;26.488;29.053;28.06;29.953;29.853;28.853;29.853;27.468;25.125;28.456;23.004;29.752;30.457;29.853;29.452;25.708;26.488;28.159;27.468;25.61;26.488;24.448;29.853;28.159;30.76;30.457;28.853;30.76;26.097;28.357;24.641;24.738;26.585;29.552;28.853;27.075;23.1;24.641;25.416;26.879;28.853
26.06.2019 22:00;26.06.2019 22:00;22:00;22.00;27.862;27.665;30.154;25.902;25.902;29.452;25.319;27.567;25.708;27.567;25.416;29.252;29.552;30.659;27.862;27.862;28.655;25.416;25.708;26.39;25.708;26;29.352;28.655;25.125;28.853;24.835;24.931;26.585;28.655;28.357;29.053;28.357;26.879;26.292;28.853;27.567;29.552;29.252;28.655;29.352;27.173;24.738;28.06;22.621;29.452;30.154;29.452;28.953;25.319;26.292;27.567;26.977;25.222;26.097;24.158;29.452;27.665;30.054;29.953;28.456;30.255;25.805;28.159;24.351;23.677;26.292;29.053;28.555;26.683;22.908;24.158;25.028;26.488;28.456
26.06.2019 22:10;26.06.2019 22:10;22:10;22.17;28.06;27.075;29.953;24.835;25.61;29.252;25.222;27.37;25.416;27.075;25.028;28.754;29.053;30.255;27.468;27.468;28.258;26.195;25.513;26.195;25.319;25.708;28.953;28.258;24.448;28.754;24.351;24.641;26.195;28.258;27.764;28.754;28.159;26.683;26;28.555;27.075;29.352;29.252;28.159;28.655;26.879;24.255;27.665;21.855;29.252;29.652;29.053;28.655;24.931;26;27.075;26.683;24.931;25.708;23.966;29.053;27.37;29.452;29.552;28.159;29.853;25.805;28.06;24.062;23.388;25.902;28.456;28.159;26.292;22.429;23.773;24.448;26.195;28.159
26.06.2019 22:20;26.06.2019 22:20;22:20;22.33;28.06;26.683;29.752;24.351;25.319;28.953;25.125;27.075;25.416;26.683;24.738;28.555;28.754;29.752;27.37;27.075;27.862;26.292;24.738;26.097;25.028;25.513;28.754;27.961;23.869;28.655;24.062;24.448;26;27.961;27.37;28.754;27.862;26.488;25.708;28.853;26.781;28.953;29.053;27.862;28.754;26.488;24.062;27.468;21.473;28.953;29.352;28.655;28.06;25.902;25.902;26.781;26.39;24.738;25.319;23.484;28.853;27.075;29.152;29.053;27.764;29.953;25.61;27.862;23.581;23.004;25.708;27.961;27.961;26.097;22.046;23.966;24.738;25.902;27.862
26.06.2019 22:30;26.06.2019 22:30;22:30;22.50;27.862;26.488;29.352;23.869;24.931;28.754;24.835;26.879;25.222;26.585;24.641;28.258;28.754;29.152;27.272;26.781;27.468;25.222;24.931;25.805;24.835;25.222;28.555;27.764;23.677;28.159;23.773;24.158;25.708;27.665;27.075;28.555;27.961;26.292;25.319;28.655;26.488;28.853;28.754;27.272;28.754;26.781;23.869;27.075;21.282;28.754;29.053;28.754;27.764;26.097;25.61;26.39;25.902;24.351;24.931;23.292;28.655;26.683;29.053;28.456;27.567;29.552;25.513;27.272;23.581;22.621;25.513;27.567;27.37;25.708;21.855;23.773;24.545;25.708;27.468
26.06.2019 22:40;26.06.2019 22:40;22:40;22.67;27.665;26.097;29.152;23.581;24.835;28.357;24.835;27.075;25.805;26.683;24.545;27.961;28.555;28.754;26.879;26.585;27.173;24.835;24.835;25.513;24.641;24.931;28.06;27.468;24.641;27.961;23.484;23.966;25.319;27.468;27.075;28.258;28.06;26;25.222;28.456;26.195;28.655;28.456;27.075;28.555;26.879;23.966;26.781;21.091;28.555;28.754;28.655;27.272;26.39;25.125;26;25.222;24.255;24.545;23.004;28.258;26.195;28.754;28.159;27.272;29.053;25.319;26.781;23.292;22.429;25.222;27.173;26.977;25.416;21.855;23.196;23.966;25.513;27.173
26.06.2019 22:50;26.06.2019 22:50;22:50;22.83;27.567;26;29.053;22.812;24.545;27.075;25.028;27.173;24.835;26.781;24.351;27.468;28.258;28.555;26.585;26.292;26.977;24.931;24.641;25.319;24.545;24.738;27.567;27.075;24.931;27.862;23.292;23.773;24.931;27.173;27.075;28.06;27.665;25.61;24.931;28.357;25.805;28.456;28.357;26.488;28.258;25.222;24.448;26.39;21.091;28.06;28.655;28.258;26.977;26.292;24.835;25.805;24.835;24.158;24.351;22.717;27.961;25.805;28.357;27.764;27.075;28.953;25.222;25.805;23.004;23.484;24.931;26.683;26.683;25.222;21.76;23.773;24.448;25.222;26.977
26.06.2019 23:00;26.06.2019 23:00;23:00;23.00;26.488;25.805;28.853;23.004;24.255;26.781;25.222;26.879;24.255;26.585;24.255;26.879;27.961;28.357;26.39;26;26.683;25.902;24.545;25.028;24.641;24.448;27.272;26.683;24.835;27.173;23.196;23.581;24.835;27.075;26.977;27.862;27.173;25.319;24.545;27.272;25.61;28.258;27.961;26.39;27.961;24.931;24.641;26;20.615;27.567;28.258;27.272;26.781;26.488;24.448;25.513;24.448;23.773;24.062;23.1;27.764;25.513;27.665;27.272;26.879;28.357;24.931;25.222;23.004;22.812;24.738;26.488;26.39;25.028;21.569;24.062;24.448;24.931;26.683
26.06.2019 23:10;26.06.2019 23:10;23:10;23.17;26;25.61;28.555;21.664;24.062;27.173;24.738;26.585;23.773;26.097;24.158;26.39;27.764;27.862;26;25.805;26.585;25.416;24.448;24.931;24.545;24.255;26.977;26.39;24.255;26.977;23.1;23.292;24.545;26.683;26.488;27.665;26.879;25.028;24.351;26.781;25.319;27.764;27.764;26.585;27.567;25.028;24.158;26.195;20.71;27.37;28.159;26.977;26.781;26.683;23.966;25.222;24.448;23.677;23.869;22.812;27.567;25.222;27.468;26.977;26.585;28.159;24.545;25.125;22.717;23.581;24.448;26.488;26.195;24.835;21.378;23.773;24.158;24.835;26.292
26.06.2019 23:20;26.06.2019 23:20;23:20;23.33;25.805;25.513;28.258;21.855;23.966;27.173;24.545;26.195;24.255;25.805;23.966;26.39;27.37;27.37;25.61;25.61;26.488;25.61;24.158;24.738;24.641;23.966;26.977;26.39;23.773;26.977;22.812;23.1;24.255;26.195;26.195;27.37;26.488;24.738;24.255;26.292;25.222;27.468;27.272;26.39;27.37;25.61;23.773;26;20.901;27.173;27.764;26.977;26.488;26.781;23.869;24.931;24.351;23.484;23.773;22.717;27.075;24.931;26.879;26.488;26.39;27.764;24.062;25.125;22.621;22.333;24.351;26.195;26.097;24.835;21.282;23.1;23.773;24.738;25.902
26.06.2019 23:30;26.06.2019 23:30;23:30;23.50;25.319;25.416;27.665;22.238;23.773;26.39;24.255;26;23.966;25.902;23.773;26;26.977;27.075;25.319;25.319;26.39;26;24.062;24.448;24.835;23.773;26.781;26.292;23.773;27.272;22.717;22.908;23.966;26;25.805;27.075;26.292;24.351;24.158;26;25.319;27.173;26.879;26.39;26.977;25.222;23.388;25.805;20.901;26.977;27.468;26.781;26.292;26.781;23.677;24.738;24.062;23.292;23.581;22.333;26.781;24.545;26.585;26.292;26.097;27.37;23.677;25.222;22.812;23.1;24.062;25.902;25.805;24.835;21.187;22.717;23.388;24.545;25.805
26.06.2019 23:40;26.06.2019 23:40;23:40;23.67;25.416;25.028;27.665;21.855;23.388;26.195;23.869;25.708;23.581;25.61;23.581;25.902;26.977;26.879;25.125;25.222;26.585;24.255;23.773;24.351;24.835;23.677;26.585;26.195;23.677;27.272;22.429;22.621;23.773;25.902;25.513;26.879;26.195;24.062;23.966;25.902;25.125;26.879;26.879;25.805;26.879;24.835;23.484;25.61;20.329;26.683;27.173;26.683;26.292;26.488;23.388;24.545;23.966;23.004;23.388;22.142;26.39;24.351;26.39;26;25.805;27.37;23.388;25.222;22.525;22.621;23.869;25.61;25.805;24.835;21.091;22.812;23.292;24.255;25.61
26.06.2019 23:50;26.06.2019 23:50;23:50;23.83;25.028;25.125;27.468;21.855;23.196;26.781;23.581;25.416;23.581;25.416;23.388;25.805;26.585;26.585;25.028;24.931;26.683;23.196;23.292;24.255;24.641;23.581;26.488;26.097;23.292;27.173;22.238;22.429;23.484;25.708;25.416;26.488;25.805;23.869;23.869;25.708;24.738;26.585;26.39;25.805;26.585;24.931;23.292;25.319;20.043;26.585;26.683;26.585;26.097;26.195;23.196;24.351;23.966;22.812;23.196;21.855;26.292;24.255;26.292;26.097;25.708;27.075;23.196;25.125;22.429;21.76;23.677;25.125;25.902;24.738;20.901;22.908;23.484;23.966;25.61
27.06.2019 00:00;27.06.2019 00:00;00:00;24.00;25.222;24.931;27.37;21.664;22.812;26.879;23.292;25.222;23.581;25.222;23.196;25.805;26.39;26.39;24.738;24.835;26.585;23.1;23.196;24.158;24.835;23.388;26.292;25.708;23.004;26.879;22.046;22.238;23.292;25.513;25.61;26.195;25.513;23.773;23.677;25.513;24.448;26.488;26.195;25.708;26.683;24.835;22.908;24.931;19.662;26.488;26.488;26.195;25.708;25.708;23.004;24.062;23.196;22.717;23.004;21.76;26.195;24.158;26.488;26.097;25.513;26.879;23.1;25.028;22.238;22.046;23.484;24.931;25.805;24.641;20.615;23.004;23.581;23.773;25.319
27.06.2019 00:10;27.06.2019 00:10;00:10;24.17;24.835;24.641;27.075;21.664;22.621;26.977;23.004;25.028;23.1;25.125;23.1;25.805;26;26.292;24.545;24.641;26.39;24.641;22.908;24.062;25.222;23.196;26.292;25.513;22.812;26.879;21.855;22.046;23.196;25.319;25.61;26.195;25.319;23.677;23.388;25.513;24.158;26.39;26.195;25.902;25.61;24.931;22.717;24.738;19.662;26.39;26.39;25.805;25.513;25.416;22.812;23.773;23.196;22.429;22.812;21.76;26;24.158;26.292;25.902;25.319;26.488;22.908;24.738;21.76;22.142;23.292;24.835;25.708;24.931;20.519;22.908;23.292;23.677;25.028
27.06.2019 00:20;27.06.2019 00:20;00:20;24.33;23.966;24.641;27.272;21.091;22.525;26.292;22.621;24.835;23.196;25.125;22.908;25.222;25.902;26.39;24.545;24.448;26.097;23.1;22.621;23.773;24.545;23.1;25.805;25.319;23.292;26.977;21.569;21.855;23.1;25.125;25.319;26;25.319;23.581;23.196;25.319;23.773;26.292;26.292;25.61;25.805;24.351;22.429;24.545;19.377;26.39;26.39;25.708;25.416;26.097;22.525;23.581;23.1;22.238;22.621;21.664;25.902;24.062;26;25.805;25.125;26.585;22.717;24.448;21.76;21.282;23.004;24.738;25.416;25.125;20.519;22.429;22.812;23.581;24.835
27.06.2019 00:30;27.06.2019 00:30;00:30;24.50;23.677;24.545;27.075;21.378;22.238;26.097;22.429;24.738;22.525;25.125;22.812;25.222;25.805;26.39;24.448;24.255;26;21.473;22.429;23.677;24.351;22.812;25.416;25.125;23.292;26.879;21.473;21.569;23.1;25.028;24.931;25.805;25.125;23.388;23.1;25.319;23.581;26.097;26;25.708;25.416;23.773;22.333;24.351;18.996;26.292;26.292;25.61;25.222;25.61;22.333;23.388;23.1;22.142;22.429;21.473;25.61;23.966;25.902;25.902;24.931;26.683;22.525;24.255;21.473;21.569;22.812;24.738;25.319;24.835;20.424;21.855;22.333;23.484;24.641
27.06.2019 00:40;27.06.2019 00:40;00:40;24.67;23.677;24.448;27.075;21.76;21.951;25.125;22.142;24.641;22.429;24.738;22.717;24.835;25.805;26.39;24.255;24.062;25.902;21.855;22.238;23.581;24.448;22.621;25.416;24.931;22.621;26.292;21.282;21.473;23.1;24.931;24.738;25.513;24.835;23.388;22.812;24.641;23.484;25.902;26;25.125;25.319;23.196;22.429;24.158;19.092;26.195;26.195;25.416;25.125;24.931;22.238;23.484;23.1;22.333;22.333;21.473;25.319;23.773;25.902;25.805;24.738;26.585;22.429;24.158;21.473;21.855;22.812;24.545;25.319;24.351;20.234;21.473;21.855;23.292;24.545
27.06.2019 00:50;27.06.2019 00:50;00:50;24.83;23.966;23.966;26.879;21.664;21.855;24.931;21.951;24.545;22.621;24.448;22.621;24.738;25.805;26.292;24.062;23.966;25.61;23.581;21.951;23.484;24.255;22.525;25.319;24.738;21.855;26.097;21.091;21.282;23.004;24.931;24.448;25.319;24.738;23.292;22.621;24.835;23.484;25.708;25.805;25.028;25.708;22.717;21.951;23.966;18.996;26;26;25.513;24.835;24.351;22.333;23.581;22.908;22.238;22.333;21.282;25.222;23.581;25.805;25.708;24.545;26.39;22.238;23.966;21.091;21.569;22.621;24.351;25.125;24.062;20.138;21.76;22.238;23.1;24.545
27.06.2019 01:00;27.06.2019 01:00;01:00;25.00;23.966;23.677;26.781;20.996;21.664;24.931;21.76;24.351;22.525;23.966;22.429;24.738;25.61;26;23.773;23.869;25.125;24.545;21.855;23.292;23.869;22.429;25.028;24.545;21.282;26;20.996;21.187;22.908;24.738;24.255;25.416;24.448;23.292;22.525;24.738;23.292;25.61;25.513;25.028;25.708;22.621;21.378;23.869;19.282;25.805;25.805;25.513;24.641;23.966;22.333;23.292;22.717;21.951;22.238;20.996;25.028;23.484;25.416;25.513;24.448;26.097;22.142;23.773;21.091;22.046;22.525;24.158;24.835;23.773;20.043;22.046;22.429;22.908;24.351
27.06.2019 01:10;27.06.2019 01:10;01:10;25.17;23.773;23.484;26.488;20.329;21.569;24.641;21.855;24.158;21.951;23.773;22.238;24.738;25.222;25.902;23.581;23.773;24.835;24.835;21.855;23.1;23.773;22.333;24.931;24.351;20.996;25.708;20.901;20.996;22.812;24.641;23.966;25.416;24.351;23.388;22.333;24.641;23.1;25.416;25.513;24.641;24.835;22.717;20.805;23.773;18.901;25.61;25.708;25.028;24.545;23.581;22.046;23.1;22.525;21.76;22.142;20.805;24.931;23.388;25.513;25.416;24.351;25.805;21.951;23.677;20.901;21.187;22.429;24.255;24.738;23.581;19.853;21.855;22.333;22.717;24.158
27.06.2019 01:20;27.06.2019 01:20;01:20;25.33;23.292;23.484;26.292;20.805;21.473;24.545;21.76;23.966;21.855;23.581;22.046;24.448;24.835;25.902;23.581;23.581;24.641;26.292;21.664;23.004;23.677;22.333;24.931;24.158;20.805;25.513;20.901;20.805;22.717;24.545;23.773;25.222;24.062;23.292;22.046;24.545;23.004;25.416;25.028;24.641;24.641;23.004;20.71;23.484;18.711;25.222;25.61;24.545;24.448;23.1;21.76;22.908;22.046;21.473;21.951;20.519;24.738;23.196;25.61;25.319;24.351;25.416;21.855;23.581;20.71;21.378;22.333;24.351;24.835;23.292;19.853;21.282;21.76;22.621;23.966
27.06.2019 01:30;27.06.2019 01:30;01:30;25.50;23.1;23.484;26.097;21.091;21.473;24.835;21.569;23.869;21.951;23.484;21.855;24.351;24.545;25.805;23.484;23.388;24.641;26.195;21.473;22.908;23.581;22.142;24.738;24.158;20.901;25.222;20.901;20.71;22.525;24.738;23.581;24.835;24.062;23.196;21.855;24.351;22.908;25.319;24.931;24.545;24.545;23.196;20.424;23.388;18.711;24.931;25.416;24.448;24.255;22.717;21.569;22.717;21.951;21.378;21.855;20.519;24.641;23.004;25.513;25.319;24.158;25.222;21.664;23.484;20.71;21.091;22.238;24.158;25.028;23.1;19.853;20.996;21.378;22.717;23.773
27.06.2019 01:40;27.06.2019 01:40;01:40;25.67;22.908;23.1;25.805;20.71;21.282;23.869;21.282;23.773;21.855;23.292;21.664;24.158;24.641;25.708;23.292;23.1;24.641;25.222;21.282;22.717;23.484;22.046;24.545;24.062;20.424;25.028;20.805;20.615;22.333;24.545;23.388;24.835;23.966;23.004;21.76;24.641;22.812;25.125;24.738;24.062;24.545;22.908;20.424;23.292;18.711;24.931;25.319;24.545;24.158;22.333;21.473;22.525;21.855;21.282;21.76;20.424;24.448;22.812;25.125;25.125;23.869;25.61;21.664;23.292;20.615;20.329;22.046;23.773;24.641;22.908;19.758;20.805;21.282;22.717;23.677
27.06.2019 01:50;27.06.2019 01:50;01:50;25.83;22.525;23.1;25.805;20.519;21.187;23.677;21.091;23.677;21.664;23.004;21.569;23.677;24.351;25.319;23.1;22.908;24.545;23.484;21.282;22.525;23.292;22.046;24.255;23.869;20.043;24.931;20.71;20.519;22.046;24.255;23.196;24.738;23.677;22.908;21.76;24.062;22.717;24.835;24.448;24.062;23.966;22.812;20.234;23.004;18.331;24.738;25.028;24.255;23.966;22.238;21.282;22.333;21.76;21.091;21.569;20.234;24.255;22.717;24.738;24.835;23.677;25.222;21.569;23.196;20.519;20.234;21.855;23.581;24.158;22.717;19.662;20.71;21.378;22.525;23.581
27.06.2019 02:00;27.06.2019 02:00;02:00;26.00;22.333;23.004;25.513;20.329;20.996;23.773;20.901;23.484;21.473;22.908;21.378;23.484;24.062;25.125;22.908;22.812;24.351;24.641;21.091;22.525;23.1;21.855;24.062;23.677;19.853;24.738;20.234;20.329;22.046;24.158;23.1;24.448;23.677;22.717;21.855;23.869;22.621;24.738;24.351;23.677;23.966;22.717;20.043;23.004;18.331;24.641;24.931;24.062;23.869;22.046;21.091;22.429;21.664;21.091;21.473;19.853;24.062;22.525;24.641;24.738;23.677;24.738;21.378;23.1;20.424;19.853;21.76;23.581;23.773;22.525;19.567;20.805;21.378;22.238;23.484
27.06.2019 02:10;27.06.2019 02:10;02:10;26.17;22.333;23.004;25.416;20.71;20.805;23.388;20.805;23.388;21.378;22.908;21.282;23.677;23.773;24.931;22.812;22.717;23.869;21.473;20.996;22.429;22.812;21.664;24.062;23.581;20.043;24.545;20.234;20.138;21.951;23.869;23.1;24.351;23.581;22.621;21.76;23.581;22.429;24.641;24.062;23.388;23.581;22.525;19.758;22.812;18.236;24.545;24.448;23.966;23.773;21.855;20.996;22.333;21.569;20.901;21.282;19.758;23.869;22.429;24.641;24.641;23.677;24.351;21.282;23.004;20.424;19.472;21.664;23.388;23.484;22.333;19.377;20.615;21.091;22.142;23.388
27.06.2019 02:20;27.06.2019 02:20;02:20;26.33;22.142;22.908;25.125;20.138;20.71;23.292;20.71;23.196;21.569;22.812;21.091;23.292;23.581;24.835;22.621;22.621;23.677;20.805;20.805;22.238;22.525;21.664;23.773;23.484;20.138;24.448;20.043;20.043;21.76;23.677;22.908;24.158;23.292;22.621;21.664;23.388;22.333;24.351;23.773;23.292;23.581;22.238;19.662;22.717;18.045;24.255;24.351;23.677;23.581;21.855;20.901;22.333;21.473;20.71;21.091;19.472;23.677;22.429;24.351;24.448;23.388;24.255;21.091;23.004;20.234;19.092;21.569;23.196;23.388;22.238;19.282;20.329;20.71;22.046;23.388
27.06.2019 02:30;27.06.2019 02:30;02:30;26.50;22.333;22.525;24.931;20.138;20.519;23.004;20.615;23.004;21.473;22.621;21.282;23.292;23.388;24.641;22.333;22.621;23.773;20.805;20.71;22.142;22.525;21.473;23.773;23.388;19.758;24.255;19.948;20.043;21.569;23.773;22.717;23.869;23.292;22.525;21.378;23.484;22.238;24.255;23.966;23.292;23.388;21.855;20.424;22.717;17.76;24.062;24.448;23.388;23.484;21.76;20.805;22.142;21.378;20.519;20.996;19.567;23.581;22.333;24.255;24.158;23.196;24.062;20.996;22.908;20.234;18.901;21.473;23.004;23.196;22.142;19.282;20.71;21.282;21.951;23.292
27.06.2019 02:40;27.06.2019 02:40;02:40;26.67;22.333;22.238;24.738;20.519;20.329;23.1;20.424;22.908;21.569;22.525;21.282;23.292;23.1;24.448;22.238;22.525;23.292;21.76;20.615;22.046;23.004;21.378;23.581;23.196;19.567;24.062;19.853;19.948;21.378;23.773;22.621;23.869;23.292;22.525;21.187;23.1;22.046;23.966;23.869;23.484;23.004;21.378;20.424;22.621;17.665;24.062;24.255;23.196;23.292;21.951;20.901;22.046;20.996;20.424;20.901;19.662;23.484;22.238;24.255;24.062;23.1;23.773;21.091;22.812;19.948;18.426;21.282;22.908;22.908;22.046;19.282;20.805;21.378;21.855;23.1
27.06.2019 02:50;27.06.2019 02:50;02:50;26.83;22.333;22.333;24.738;20.329;20.234;23.1;20.329;22.812;21.091;22.429;21.091;23.004;23.004;24.351;22.238;22.333;23.1;21.855;20.519;22.046;23.004;21.282;23.581;23.1;19.567;23.773;19.662;19.853;21.282;23.484;22.525;23.869;23.004;22.429;20.996;23.292;21.855;24.062;23.677;23.004;23.004;21.76;19.948;22.429;17.76;23.966;23.966;23.004;23.1;21.855;20.615;21.951;20.901;20.329;20.71;19.662;23.388;22.238;24.062;23.869;23.1;23.581;20.996;22.621;19.948;18.521;21.282;22.908;22.717;21.76;19.187;20.805;21.282;21.664;22.908
27.06.2019 03:00;27.06.2019 03:00;03:00;27.00;22.142;22.333;24.835;19.948;20.138;23.292;20.138;22.717;20.996;22.333;20.901;22.812;23.484;24.158;22.429;21.951;23.004;21.664;20.329;21.76;22.621;21.091;23.581;23.004;19.662;23.581;19.567;19.758;21.187;23.292;22.429;23.773;22.621;22.333;20.805;23.388;21.76;24.158;23.966;22.717;23.484;22.142;19.567;22.238;17.76;23.966;24.062;23.004;23.004;21.569;20.424;21.951;20.901;20.138;20.615;19.662;23.292;22.046;23.773;23.677;23.004;24.255;20.805;22.621;19.853;18.14;21.091;22.621;22.812;21.569;19.092;20.901;21.187;21.569;22.621
27.06.2019 03:10;27.06.2019 03:10;03:10;27.17;22.142;22.238;25.125;19.662;20.138;23.581;20.043;22.621;20.901;22.142;20.805;22.525;23.869;24.062;22.142;21.664;22.812;21.569;20.138;21.76;22.333;20.996;23.484;23.004;19.758;23.388;19.567;19.662;20.996;22.908;22.333;23.581;22.525;22.142;20.615;23.196;21.664;24.062;23.869;22.429;24.062;21.951;19.282;22.142;17.57;23.966;24.062;23.484;22.908;21.187;20.234;21.76;20.805;20.138;20.424;19.662;23.292;21.855;23.869;23.581;23.004;24.351;20.519;22.525;19.853;17.76;21.091;22.333;22.812;21.473;19.092;20.71;20.901;21.473;22.525
27.06.2019 03:20;27.06.2019 03:20;03:20;27.33;21.855;22.046;24.931;19.377;20.234;22.717;19.948;22.525;20.71;21.855;20.71;22.621;23.773;23.677;21.76;21.664;22.717;21.378;20.138;21.664;22.333;20.901;23.388;23.004;19.377;23.388;19.567;19.567;20.901;22.812;22.142;23.581;22.621;21.855;20.424;22.908;21.664;23.773;23.677;22.717;24.158;21.569;19.282;22.046;17.57;23.869;23.773;23.869;22.812;20.901;20.138;21.569;20.805;20.043;20.329;19.092;23.196;21.76;23.869;23.388;22.717;24.158;20.424;22.238;19.758;18.426;20.901;22.046;22.717;21.282;19.092;20.043;20.424;21.378;22.429
27.06.2019 03:30;27.06.2019 03:30;03:30;27.50;21.473;21.855;24.835;19.567;19.948;22.525;19.758;22.525;20.71;21.569;20.71;22.429;23.677;23.677;21.473;21.664;22.717;20.424;20.043;21.473;22.429;20.901;23.196;22.908;19.092;23.196;19.377;19.472;20.615;22.717;21.951;23.484;22.717;21.664;20.329;22.621;21.569;23.581;23.388;22.717;23.581;21.473;19.187;21.855;17.189;23.773;23.677;23.484;22.812;21.091;20.138;21.378;20.615;19.948;20.329;19.092;23.004;21.569;23.581;23.196;22.525;24.062;20.234;22.142;19.662;18.331;20.71;21.76;22.525;21.282;19.092;19.853;20.138;21.187;22.333
27.06.2019 03:40;27.06.2019 03:40;03:40;27.67;21.378;21.76;24.158;19.853;19.758;22.525;19.662;22.812;20.996;21.569;20.615;22.333;23.388;23.677;21.378;21.569;22.525;20.138;19.853;21.473;22.046;20.901;23.004;22.621;18.806;23.1;19.282;19.377;20.424;22.908;21.76;23.292;22.812;21.569;20.234;23.004;21.473;23.388;23.004;22.812;23.1;22.046;19.187;21.664;16.903;23.677;23.581;22.908;22.621;21.282;20.043;21.282;20.615;19.853;20.329;19.282;22.908;21.378;23.292;23.196;22.333;24.158;20.138;22.046;19.472;18.045;20.615;21.664;22.621;21.282;19.092;19.662;20.043;21.187;22.238
27.06.2019 03:50;27.06.2019 03:50;03:50;27.83;21.569;21.569;23.677;19.758;19.662;23.004;19.472;22.812;21.187;21.473;20.615;22.333;23.292;23.292;21.282;21.473;22.333;20.996;19.853;21.282;21.76;20.71;22.908;22.525;18.616;22.908;19.092;19.282;20.329;23.004;21.664;23.1;23.004;21.378;20.234;23.196;21.282;23.292;22.812;23.196;23.1;21.951;19.377;21.664;16.713;23.581;23.388;22.717;22.525;21.282;20.043;21.187;20.424;20.043;20.234;19.092;22.812;21.282;23.004;22.812;22.142;23.869;20.043;21.951;19.472;18.045;20.424;21.569;22.717;21.091;19.187;19.662;20.138;21.091;22.238
27.06.2019 04:00;27.06.2019 04:00;04:00;28.00;21.473;21.473;23.581;19.567;19.662;23.292;19.472;23.004;21.187;21.378;20.615;22.238;23.292;23.1;21.282;21.187;22.142;21.569;19.662;21.282;21.378;20.519;22.812;22.429;18.426;22.525;19.092;19.187;20.234;22.812;21.473;23.004;23.1;21.378;20.138;23.292;21.187;23.196;22.812;22.908;23.484;21.855;19.472;21.664;16.713;23.388;23.196;23.1;22.333;21.187;20.043;21.091;20.234;20.043;20.138;18.901;22.621;21.282;22.908;22.621;21.855;23.773;19.948;21.855;19.377;18.331;20.329;21.473;22.525;20.901;19.092;20.138;20.424;20.996;22.142
27.06.2019 04:10;27.06.2019 04:10;04:10;28.17;21.473;21.378;23.484;19.377;19.472;23.196;19.472;22.908;21.091;21.187;20.615;22.333;23.196;22.908;21.378;20.996;22.046;21.855;19.662;21.187;21.091;20.424;22.812;22.333;18.521;22.333;18.901;19.092;20.138;22.621;21.378;23.004;23.1;21.282;20.043;23.292;20.996;23.292;22.812;22.142;23.388;21.855;19.662;21.569;16.523;23.292;23.1;23.292;22.333;21.187;19.853;20.901;20.234;19.853;20.043;18.901;22.525;21.091;22.908;22.333;21.855;23.677;19.948;21.76;19.377;18.236;20.329;21.378;22.333;20.71;19.092;20.138;20.519;20.805;22.046
27.06.2019 04:20;27.06.2019 04:20;04:20;28.33;21.282;21.282;23.677;18.806;19.472;22.717;19.472;22.812;20.901;21.091;20.615;22.238;23.196;22.812;21.378;20.901;22.046;21.569;19.567;21.091;20.901;20.329;22.812;22.238;18.616;22.238;18.901;18.996;20.234;22.621;21.187;22.908;23.004;21.282;19.948;23.196;20.901;23.196;22.812;21.951;23.1;21.664;19.377;21.378;16.618;23.1;23.1;23.292;22.238;21.187;19.758;20.901;20.043;19.662;19.948;18.806;22.429;20.996;22.908;22.333;21.76;23.484;19.853;21.664;19.282;17.95;20.329;21.378;22.046;20.615;18.901;19.758;20.234;20.71;21.951
27.06.2019 04:30;27.06.2019 04:30;04:30;28.50;21.187;21.282;23.677;18.331;19.377;22.046;19.377;22.525;20.805;20.996;20.615;22.142;23.1;22.717;21.187;20.901;21.951;20.71;19.567;20.996;20.901;20.329;22.717;22.046;18.711;22.238;18.901;18.806;20.329;22.238;21.091;22.812;22.621;21.091;19.758;22.908;20.805;23.004;22.621;21.855;22.908;21.473;19.092;21.282;17.094;23.004;23.004;23.1;22.238;20.901;19.472;20.71;19.948;19.472;19.758;18.616;22.333;20.805;22.908;22.429;21.569;23.484;19.758;21.569;19.282;18.14;20.234;21.282;21.951;20.519;18.806;18.901;19.282;20.71;21.855
27.06.2019 04:40;27.06.2019 04:40;04:40;28.67;21.091;21.282;23.581;18.521;19.187;21.664;19.282;22.238;20.615;20.901;20.615;22.046;22.908;22.717;20.901;20.71;21.855;20.805;19.377;20.901;20.805;20.234;22.525;21.951;18.521;22.333;18.806;18.806;20.138;22.046;20.996;22.717;22.333;20.996;19.662;22.525;20.71;22.717;22.525;21.664;22.908;21.187;18.806;21.091;16.808;22.812;22.812;22.621;22.142;20.615;19.282;20.615;19.853;19.377;19.662;18.521;22.142;20.71;22.908;22.238;21.473;23.196;19.567;21.473;19.282;18.045;20.138;21.282;21.76;20.424;18.711;18.806;19.187;20.71;21.76
27.06.2019 04:50;27.06.2019 04:50;04:50;28.83;20.901;21.187;23.484;18.616;19.187;21.664;19.187;21.951;20.424;20.615;20.519;21.951;22.621;22.621;20.71;20.615;21.76;20.901;19.187;20.901;20.615;20.138;22.429;21.76;18.236;22.238;18.806;18.711;20.043;21.951;20.901;22.621;22.238;20.805;19.662;22.525;20.615;22.621;22.238;21.569;22.812;21.282;18.806;21.187;16.523;22.812;22.621;22.621;21.855;20.519;19.377;20.519;19.853;19.187;19.567;18.711;22.046;20.519;22.717;22.142;21.282;23.004;19.472;21.473;19.187;17.95;20.043;21.187;21.569;20.329;18.711;19.282;19.567;20.519;21.664
27.06.2019 05:00;27.06.2019 05:00;05:00;29.00;20.901;21.091;23.388;19.282;19.092;21.855;19.187;22.046;20.329;20.519;20.329;21.76;22.525;22.429;20.519;20.71;21.569;20.615;19.282;20.805;20.519;20.043;22.333;21.664;18.14;22.142;18.711;18.616;19.853;22.142;20.71;22.429;22.142;20.615;19.567;22.525;20.615;22.525;22.238;21.664;22.525;21.378;18.711;21.091;16.332;22.717;22.621;22.621;21.569;20.329;19.377;20.424;19.758;19.187;19.472;18.426;21.951;20.424;22.717;22.046;21.187;22.812;19.377;21.378;19.187;17.855;19.948;21.187;21.378;20.234;18.711;19.377;19.758;20.234;21.473
27.06.2019 05:10;27.06.2019 05:10;05:10;29.17;21.378;20.901;23.292;19.758;19.187;22.046;19.092;22.046;20.329;20.424;20.138;21.76;22.333;22.238;20.519;20.71;21.282;20.901;19.187;20.805;20.329;19.948;22.046;21.378;17.95;21.76;18.521;18.616;19.662;22.046;20.71;22.238;22.142;20.615;19.567;22.621;20.519;22.525;22.142;21.951;22.142;20.901;18.521;20.996;16.523;22.621;22.429;22.429;21.473;20.329;19.662;20.424;19.758;19.092;19.377;18.236;21.855;20.519;22.429;21.951;21.091;22.908;19.282;21.091;19.092;17.57;19.853;20.901;21.664;20.234;18.711;19.092;19.472;20.234;21.378
27.06.2019 05:20;27.06.2019 05:20;05:20;29.33;21.855;20.996;23.196;18.806;18.996;22.429;19.092;21.855;20.805;20.615;19.948;21.76;22.333;21.855;20.519;20.424;21.187;21.473;19.282;20.71;20.234;19.853;22.046;21.378;17.855;21.569;18.426;18.521;19.758;21.855;20.71;22.142;22.238;20.615;19.567;22.525;20.329;22.429;22.142;22.142;22.238;20.996;18.426;20.901;16.237;22.525;22.333;22.333;21.473;20.424;19.662;20.329;19.187;18.996;19.282;18.14;21.664;20.519;22.429;21.76;21.091;22.812;19.377;21.091;19.092;17.379;19.758;20.71;21.76;20.329;18.711;18.711;19.092;20.234;21.378
27.06.2019 05:30;27.06.2019 05:30;05:30;29.50;21.76;20.805;22.908;18.616;18.996;22.525;18.996;21.76;20.71;20.996;20.138;21.569;22.333;22.046;20.519;20.234;21.091;20.901;19.092;20.615;20.234;19.758;22.142;21.473;17.95;21.378;18.426;18.521;19.758;21.76;20.615;22.046;22.238;20.615;19.567;22.429;20.234;22.238;22.046;22.238;22.429;21.091;19.567;20.901;16.427;22.333;22.333;22.525;21.569;20.615;19.377;20.234;19.187;19.092;19.187;18.236;21.569;20.519;22.333;21.664;20.996;22.717;19.282;20.805;19.187;16.999;19.662;20.805;21.664;20.234;18.806;18.521;18.901;20.234;21.282
27.06.2019 05:40;27.06.2019 05:40;05:40;29.67;21.855;20.615;22.908;18.14;18.996;22.525;18.996;21.76;20.805;21.091;20.424;21.378;22.333;22.142;20.424;20.329;21.091;21.473;19.187;20.615;20.234;19.758;21.855;21.187;18.14;21.282;18.426;18.521;19.758;21.664;20.71;21.951;22.142;20.71;19.472;22.238;20.329;22.238;21.951;21.855;22.333;20.996;20.043;20.805;16.237;22.238;22.238;22.621;21.187;20.615;19.187;19.948;19.187;18.996;19.092;18.14;21.664;20.329;22.333;21.76;20.996;22.621;19.282;20.901;19.187;17.57;19.662;20.805;21.473;19.948;18.806;18.426;18.996;20.234;21.187
27.06.2019 05:50;27.06.2019 05:50;05:50;29.83;22.142;20.805;23.196;18.426;18.901;22.429;19.092;21.76;20.901;21.187;20.71;21.282;22.238;21.951;20.329;20.424;21.187;20.901;19.377;20.615;20.138;19.662;21.76;20.996;18.806;21.473;18.331;18.521;19.662;21.473;20.71;21.951;22.142;20.615;19.472;22.046;20.329;22.142;21.76;21.76;22.238;20.996;20.234;20.805;16.618;22.142;21.951;22.621;20.996;20.424;19.092;19.853;19.187;18.901;19.092;18.236;21.569;20.138;22.333;21.664;20.996;22.429;19.282;20.901;19.282;17.855;19.662;20.71;21.76;19.853;18.711;18.331;18.711;20.234;21.187
27.06.2019 06:00;27.06.2019 06:00;06:00;30.00;22.046;20.901;23.196;18.331;18.806;22.333;19.282;21.664;20.805;21.091;20.519;21.282;22.142;21.664;20.234;20.329;21.282;20.043;19.567;20.901;20.043;19.758;21.664;20.996;18.901;21.76;18.426;18.521;19.567;21.473;20.71;21.855;21.855;20.519;19.472;22.046;20.138;22.046;21.76;21.951;22.238;20.901;20.138;20.71;16.427;22.142;21.951;22.429;20.901;20.329;18.901;19.758;19.187;19.187;19.092;18.236;21.473;20.043;22.238;21.664;20.901;22.333;19.282;20.615;19.377;18.331;19.662;20.615;21.569;19.948;18.806;18.426;18.806;20.234;21.091
27.06.2019 06:10;27.06.2019 06:10;06:10;30.17;22.238;20.901;22.812;18.901;18.806;22.333;19.377;21.664;20.901;20.805;20.424;21.187;22.142;21.569;20.138;20.234;20.901;18.711;19.567;20.996;20.234;19.758;21.473;20.805;18.996;21.664;18.616;18.521;19.567;21.378;20.615;21.76;21.855;20.424;19.472;22.046;20.138;22.142;21.855;22.525;22.238;20.519;20.138;20.805;16.237;22.142;22.046;22.525;20.901;20.329;18.996;19.853;19.187;19.377;19.092;18.616;21.378;20.138;22.142;21.473;20.71;22.429;19.282;20.71;19.377;18.521;19.567;20.519;21.569;20.138;18.806;18.616;18.901;20.043;20.996
27.06.2019 06:20;27.06.2019 06:20;06:20;30.33;22.333;20.901;22.621;18.901;18.711;22.429;19.282;21.855;21.187;20.71;20.329;21.282;22.142;21.76;20.138;20.234;20.71;19.377;19.662;20.996;20.519;19.853;21.664;20.71;19.092;21.473;18.616;18.521;19.472;21.378;20.615;21.664;21.855;20.519;19.472;22.142;20.138;22.046;21.76;22.812;22.333;20.71;20.138;20.805;16.237;21.951;21.951;22.621;20.805;20.138;19.282;19.948;18.806;19.377;19.187;18.616;21.282;20.043;22.142;21.378;20.519;22.333;19.377;20.805;19.282;18.521;19.472;20.424;21.473;20.329;18.901;18.901;19.187;19.853;20.996
27.06.2019 06:30;27.06.2019 06:30;06:30;30.50;22.046;20.805;22.717;19.092;18.806;22.429;19.377;21.951;21.187;20.805;20.329;21.378;22.142;21.855;20.043;20.329;20.805;20.043;19.853;21.091;20.805;19.948;21.378;20.71;19.092;21.473;18.806;18.616;19.377;21.282;20.519;21.664;21.855;20.519;19.662;22.046;20.234;21.951;21.76;22.812;22.429;20.805;20.138;20.71;16.999;21.951;21.951;22.717;20.71;20.043;19.472;19.948;18.711;19.187;19.377;18.806;21.282;19.948;22.046;21.378;20.424;22.333;19.662;20.901;19.377;18.616;19.377;20.519;21.569;20.615;18.996;19.377;19.662;19.853;21.091
27.06.2019 06:40;27.06.2019 06:40;06:40;30.67;21.855;21.091;23.292;19.662;18.996;22.429;19.472;22.046;21.091;20.71;20.234;21.187;21.951;21.76;20.043;20.424;21.187;20.615;20.138;21.282;20.996;20.424;21.664;20.901;19.187;21.76;18.996;18.806;19.377;21.282;20.615;21.664;21.855;20.615;19.853;22.046;20.234;22.142;21.664;23.004;22.621;21.187;20.329;20.901;17.475;22.046;21.664;22.333;20.805;20.043;19.758;20.043;18.996;19.187;19.472;18.901;21.282;20.043;21.855;21.473;20.424;22.142;20.138;20.805;19.758;18.806;19.377;20.615;21.569;20.901;19.092;19.377;19.472;19.853;21.091
27.06.2019 06:50;27.06.2019 06:50;06:50;30.83;21.855;21.282;23.388;20.424;19.282;22.142;20.043;22.046;20.996;20.71;20.329;20.996;21.664;21.951;20.043;20.519;21.091;20.805;20.234;21.569;21.187;20.901;21.473;20.996;19.377;21.951;19.377;18.996;19.472;21.473;20.615;21.664;21.951;20.996;20.043;22.046;20.424;22.333;21.473;22.812;22.621;21.76;20.424;20.996;17.95;22.142;21.378;22.238;20.805;20.138;20.234;20.329;18.996;19.472;19.662;19.187;21.282;20.234;21.951;21.378;20.424;22.046;20.615;20.805;20.043;19.092;19.472;20.71;21.569;21.091;19.187;19.758;19.853;19.853;21.091
27.06.2019 07:00;27.06.2019 07:00;07:00;31.00;22.142;21.473;23.292;21.473;19.662;22.142;20.424;22.142;21.187;20.805;20.424;21.187;21.664;22.046;20.043;21.091;21.569;21.378;20.424;21.951;21.473;21.473;21.664;21.187;19.567;22.333;19.758;19.187;19.377;21.473;20.615;21.664;22.046;21.664;20.329;21.951;20.615;22.429;21.378;23.1;22.621;21.664;20.71;21.282;18.711;22.238;21.282;22.429;20.996;20.234;20.996;20.615;19.092;19.567;19.948;19.662;21.569;20.519;22.142;21.378;20.519;22.046;21.091;20.901;20.138;19.377;19.567;20.71;21.664;21.473;19.282;20.519;20.519;19.948;20.996
27.06.2019 07:10;27.06.2019 07:10;07:10;31.17;22.046;21.855;23.004;22.046;20.234;22.142;20.615;22.525;21.187;20.996;20.519;21.282;21.76;21.951;20.138;21.664;21.951;22.046;20.901;22.238;22.429;21.951;22.046;21.569;19.758;23.1;20.234;19.282;19.377;21.569;20.805;21.76;22.046;22.046;20.71;21.855;20.805;22.333;21.282;23.388;22.908;21.951;21.091;21.569;19.662;22.333;21.378;22.621;21.473;20.519;21.76;21.091;19.187;19.567;20.138;20.234;22.046;20.71;22.238;21.569;20.615;22.046;21.473;20.996;20.424;19.853;19.662;20.805;21.855;22.142;19.377;21.187;21.091;20.138;20.996
27.06.2019 07:20;27.06.2019 07:20;07:20;31.33;22.046;22.046;23.004;22.621;20.901;22.142;21.091;23.004;21.473;21.187;20.805;21.282;21.855;22.142;20.329;22.238;22.429;22.142;21.187;22.333;22.908;22.908;22.621;21.76;19.948;23.966;20.71;19.472;19.472;21.76;20.996;21.664;22.525;22.621;21.473;21.855;21.091;22.429;21.473;23.869;23.388;22.429;21.378;21.951;20.519;22.333;21.473;22.621;21.855;21.187;22.621;21.378;19.662;19.662;20.329;20.901;22.238;20.996;22.238;21.569;20.996;21.951;21.951;20.901;20.519;20.424;19.853;20.901;22.238;22.812;19.567;21.569;21.378;20.234;21.187
27.06.2019 07:30;27.06.2019 07:30;07:30;31.50;22.238;22.333;23.292;23.196;21.473;22.238;21.473;23.388;21.76;21.569;21.187;21.664;21.951;22.908;20.519;22.717;23.196;22.429;21.569;22.429;23.1;23.388;22.333;21.855;20.329;24.545;21.76;19.662;19.567;22.046;21.378;21.855;23.1;23.581;22.621;22.142;21.282;22.621;21.569;24.255;23.1;23.004;22.046;22.717;20.901;22.525;21.569;22.717;21.951;21.664;23.1;21.76;19.948;19.758;20.71;21.473;22.717;21.378;22.333;21.76;21.569;22.046;22.429;20.901;20.71;21.091;20.043;21.282;22.717;23.677;19.567;22.142;21.855;20.329;21.473
27.06.2019 07:40;27.06.2019 07:40;07:40;31.67;22.621;22.525;23.196;23.966;21.951;22.525;21.76;23.677;22.142;22.429;21.76;22.142;22.429;23.388;20.805;23.196;24.158;22.621;22.429;22.621;23.581;24.062;22.717;22.238;20.901;24.738;22.238;19.948;19.758;22.333;21.76;22.142;23.581;23.966;23.581;22.333;21.473;22.717;21.855;24.641;23.966;23.484;22.621;23.196;21.569;23.292;21.855;23.004;22.333;22.525;23.581;22.142;20.234;20.043;21.091;22.046;23.196;21.569;22.429;22.046;21.664;22.333;23.1;21.091;20.996;21.951;20.329;21.664;23.484;24.448;19.662;22.621;22.333;20.519;21.855
27.06.2019 07:50;27.06.2019 07:50;07:50;31.83;22.812;22.717;23.773;24.448;22.238;23.196;21.951;24.062;22.621;23.196;22.333;22.621;22.908;23.484;21.282;23.966;24.545;22.717;23.196;23.196;23.773;24.545;23.388;22.621;21.76;25.125;23.004;20.234;19.948;23.1;22.333;22.333;23.966;24.062;24.255;22.621;21.569;23.1;22.333;25.319;24.545;23.869;23.196;23.773;22.429;23.677;22.238;23.196;22.525;23.1;24.158;22.429;20.805;20.519;21.951;22.621;23.869;21.855;22.717;22.333;21.951;22.717;23.677;21.282;21.282;23.004;20.805;22.142;24.641;25.222;19.948;23.1;22.812;20.805;22.142
27.06.2019 08:00;27.06.2019 08:00;08:00;32.00;23.1;23.004;24.255;25.125;22.429;23.388;22.429;24.738;23.004;23.581;22.812;23.196;23.484;24.158;21.76;24.448;24.545;23.581;23.966;23.581;24.062;24.931;24.158;23.1;22.429;25.319;23.388;20.519;20.234;23.196;22.717;22.621;24.351;24.641;25.028;23.004;21.855;23.581;22.812;25.513;25.319;24.158;23.484;24.158;22.908;23.773;22.812;23.484;23.004;23.1;24.641;22.812;21.282;20.805;22.812;23.484;24.255;22.238;23.1;22.717;22.429;23.1;24.062;21.569;21.473;23.677;21.282;22.812;25.416;25.708;20.138;23.869;23.484;20.996;22.525
27.06.2019 08:10;27.06.2019 08:10;08:10;32.17;23.484;23.292;24.738;25.222;22.812;23.773;22.812;25.028;23.388;23.581;23.388;23.773;24.158;24.931;22.525;25.125;25.222;25.028;24.158;23.869;24.351;25.028;24.448;23.484;23.292;25.319;23.869;20.71;20.615;23.484;23.1;23.004;24.835;25.125;25.319;23.196;22.429;23.773;23.388;25.805;25.805;24.351;23.966;24.738;23.484;24.062;23.292;24.158;23.388;23.388;25.222;23.292;21.76;21.091;23.484;24.255;24.641;22.525;23.581;23.196;22.908;23.581;24.545;21.76;22.046;24.062;21.76;23.292;25.902;26;20.424;24.545;24.158;21.378;22.908
27.06.2019 08:20;27.06.2019 08:20;08:20;32.33;23.773;23.581;25.222;25.416;23.292;24.448;23.292;25.319;23.581;23.773;24.062;24.255;24.738;25.222;23.292;25.319;25.513;25.319;24.448;24.062;24.351;25.513;24.641;23.869;23.869;25.513;24.835;21.091;20.901;23.773;23.484;23.388;25.416;25.805;25.902;23.773;23.004;24.158;23.677;26.195;26;24.738;24.545;25.805;24.158;24.158;23.773;24.738;23.773;23.581;25.708;23.581;22.238;21.473;24.351;24.738;25.125;23.004;24.158;23.581;23.966;24.158;24.931;21.951;22.717;24.448;22.238;23.677;26.195;26.585;20.996;24.641;24.255;21.664;23.388
27.06.2019 08:30;27.06.2019 08:30;08:30;32.50;23.966;24.062;25.222;25.708;23.773;25.416;23.677;25.805;23.869;24.062;24.641;24.738;25.416;25.319;23.966;25.416;25.61;25.125;25.125;24.255;24.641;25.61;24.931;24.062;24.158;25.708;25.416;21.473;21.664;23.966;23.869;23.773;26;26.097;26.292;24.448;23.292;24.448;24.062;26.488;26.195;24.835;25.125;26.488;24.641;24.448;24.255;25.028;24.062;24.062;25.805;23.966;22.812;21.76;25.416;25.319;25.028;23.484;24.448;23.869;24.931;24.448;25.416;22.142;23.196;24.738;22.812;24.062;26.195;26.585;21.76;25.319;25.028;21.951;23.773
27.06.2019 08:40;27.06.2019 08:40;08:40;32.67;24.351;24.448;25.805;26;24.255;25.61;24.158;25.902;24.158;24.448;25.222;25.222;26.195;26;24.448;26.097;25.805;25.805;25.902;24.931;25.222;26.39;25.416;24.448;24.448;26.097;26.195;21.855;22.333;24.158;24.158;24.158;26.195;26.879;26.781;25.222;23.484;25.028;24.351;26.879;26.488;25.125;25.416;26.781;25.125;24.641;24.641;25.416;24.545;24.931;26.195;24.255;23.388;22.238;26.097;25.708;25.416;23.966;25.028;23.966;25.708;24.835;25.805;22.525;23.484;25.222;23.388;24.448;26.292;27.075;22.429;26.195;25.902;22.333;24.158
27.06.2019 08:50;27.06.2019 08:50;08:50;32.83;24.931;24.931;26.097;26.39;24.738;25.902;24.545;26.292;24.448;24.738;26.097;25.902;26.585;26.292;25.125;26.585;26;26.879;26.39;25.319;25.61;26.879;25.708;24.835;25.125;26.585;26.683;22.238;22.621;24.545;24.545;24.545;26.585;26.977;27.272;25.805;23.869;25.416;24.545;27.075;26.879;25.319;25.708;26.683;26.097;24.835;25.125;26.292;25.028;25.61;26.781;24.545;23.966;22.717;26.585;26;26.195;24.448;25.319;24.255;26.097;24.931;26.097;23.292;23.869;25.805;23.869;25.222;26.781;27.37;22.717;26.195;26;22.717;24.448
27.06.2019 09:00;27.06.2019 09:00;09:00;33.00;25.416;25.416;26.683;26.683;25.708;26.488;25.125;26.585;24.738;25.222;26.585;26.39;27.173;26.39;25.513;27.075;27.272;27.764;26.585;25.902;26;27.272;26.292;25.125;25.513;27.272;26.977;22.717;22.812;25.125;24.931;24.835;27.173;27.173;27.567;26.488;24.255;25.902;25.028;27.468;27.272;25.708;26.292;27.272;26.585;25.222;25.513;26.879;25.61;26;27.665;24.931;24.545;23.966;26.879;26.585;26.585;24.931;25.708;24.545;26.488;25.513;26.488;23.388;24.158;26.097;24.835;26;26.977;27.567;23.004;26.683;26.39;23.004;24.738
27.06.2019 09:10;27.06.2019 09:10;09:10;33.17;25.805;25.902;27.173;27.37;26.585;27.075;25.61;27.075;25.028;25.61;26.977;26.879;27.862;26.585;26;27.468;27.173;28.456;26.879;26.292;26.195;27.862;26.683;25.416;25.708;27.468;27.567;23.196;23.1;25.708;25.416;25.513;27.567;27.665;28.258;26.977;24.641;26.195;25.513;27.862;27.665;26.39;26.781;27.468;26.977;25.61;25.902;27.862;26.39;26.39;27.764;25.222;25.125;25.319;27.468;26.879;26.781;25.319;26.292;25.028;26.977;25.902;27.075;23.388;24.738;26.585;25.416;26.39;27.37;27.961;23.388;27.075;26.683;23.196;25.028
27.06.2019 09:20;27.06.2019 09:20;09:20;33.33;26.292;26.292;27.567;27.862;27.37;27.272;25.902;27.665;25.513;25.805;27.173;27.37;28.357;27.173;26.39;27.961;27.37;28.953;27.37;26.488;26.488;27.961;27.173;25.61;25.902;28.06;28.258;23.773;23.292;26.488;25.708;25.708;28.159;28.159;28.853;27.468;24.835;26.488;25.902;27.961;28.555;27.272;27.173;27.961;27.075;25.902;26.195;28.754;27.075;26.683;27.961;25.61;25.319;25.805;27.665;27.468;27.272;25.708;26.488;25.416;27.37;26.097;27.37;23.581;25.125;26.781;25.902;27.075;27.961;28.06;23.677;27.567;27.173;23.581;25.416
27.06.2019 09:30;27.06.2019 09:30;09:30;33.50;26.683;26.488;28.258;28.159;28.258;27.961;26.585;27.665;25.708;26;27.468;27.764;29.053;28.06;26.977;28.159;28.06;28.555;27.665;26.879;26.879;27.961;27.567;26.097;26.292;28.655;29.053;24.351;23.677;26.977;26;26;28.456;28.456;29.352;27.961;25.416;26.683;26.292;28.555;28.853;28.06;27.37;29.053;27.37;26.292;26.683;29.152;27.764;27.075;28.357;26;25.708;26.292;27.862;27.961;27.862;26.39;27.173;25.805;27.961;26.585;27.862;23.677;25.513;27.075;26.39;27.665;28.456;28.655;23.773;27.961;27.665;23.966;25.708
27.06.2019 09:40;27.06.2019 09:40;09:40;33.67;26.977;26.781;28.953;28.555;28.555;28.258;27.764;28.06;26.097;26.195;27.862;28.159;29.752;28.953;27.173;28.655;28.06;28.258;27.961;27.567;27.173;27.862;27.764;26.488;26.879;28.456;29.152;24.835;24.062;27.173;26.292;26.292;29.053;28.159;29.752;28.357;25.902;26.683;26.781;28.953;29.352;28.555;27.567;29.152;27.37;26.585;27.075;29.352;27.862;27.173;28.953;26.195;26.097;26.977;28.258;28.357;28.06;26.977;27.567;26.195;28.357;26.977;28.258;23.966;26.097;27.665;26.977;28.258;28.456;29.152;24.062;28.357;27.961;24.351;26.195
27.06.2019 09:50;27.06.2019 09:50;09:50;33.83;27.272;27.272;29.452;28.754;28.953;28.655;28.853;28.655;26.488;26.488;27.961;28.555;30.054;29.152;27.468;28.953;27.764;28.06;28.555;27.961;27.468;27.961;28.159;27.272;27.37;28.853;29.752;25.222;24.448;27.567;26.488;26.585;29.652;28.555;29.853;28.655;26.195;27.173;26.977;29.252;29.752;29.452;27.961;29.652;27.567;26.977;27.37;29.953;28.06;27.665;29.152;26.585;26.585;27.665;29.053;28.754;28.754;27.468;28.357;26.683;28.655;27.468;28.655;24.158;26.195;28.06;27.764;28.754;28.853;29.552;24.738;28.655;28.456;24.738;26.683
27.06.2019 10:00;27.06.2019 10:00;10:00;34.00;27.961;27.665;29.752;29.053;29.452;29.053;28.953;29.152;26.781;27.075;28.357;28.754;30.457;29.152;27.468;29.352;28.258;28.357;28.953;28.258;27.961;28.357;28.258;27.862;27.862;28.953;29.853;25.61;24.835;27.862;26.781;26.879;29.752;28.655;30.054;29.053;26.585;27.37;27.272;28.953;29.652;29.452;28.258;29.953;27.862;27.173;27.567;30.154;28.456;27.961;29.853;26.683;26.977;28.06;29.552;29.053;29.652;28.06;28.655;27.173;29.053;27.862;28.953;24.545;26.39;28.258;28.456;29.152;29.152;30.154;25.222;28.853;28.555;25.125;27.075
27.06.2019 10:10;27.06.2019 10:10;10:10;34.17;29.053;28.06;30.054;29.252;29.452;29.252;29.452;29.853;27.37;28.159;28.953;29.252;30.558;29.352;28.159;29.752;28.555;28.655;29.452;28.258;28.754;29.053;28.555;28.456;28.357;29.552;29.953;26;25.222;28.555;27.173;27.075;29.953;29.252;30.862;29.252;26.977;27.665;27.764;29.252;30.154;29.552;28.555;30.659;28.159;27.37;28.06;30.659;28.655;28.357;30.154;27.173;27.272;28.655;29.853;29.252;28.953;28.555;29.652;27.567;29.552;28.754;29.552;24.931;26.585;29.053;28.953;29.452;29.652;30.255;26.195;29.053;28.655;25.319;27.37
27.06.2019 10:20;27.06.2019 10:20;10:20;34.33;29.552;28.456;30.659;29.853;29.752;29.452;29.652;30.154;28.159;29.452;29.352;29.652;30.659;30.054;28.357;30.255;29.053;28.754;29.853;28.555;29.252;29.752;28.655;29.053;28.456;29.652;30.054;26.292;25.61;28.357;27.468;27.37;30.356;29.452;30.963;29.752;27.272;27.862;28.555;29.452;29.953;30.255;29.152;31.064;28.258;27.665;28.357;31.064;29.452;28.456;30.154;27.567;27.764;29.652;29.752;29.652;29.552;29.053;30.054;27.665;30.054;29.452;29.752;25.513;27.173;29.252;29.552;29.652;30.054;30.255;27.272;29.552;29.053;25.805;27.665
27.06.2019 10:30;27.06.2019 10:30;10:30;34.50;30.255;28.953;31.37;30.356;30.356;30.054;30.154;30.659;28.853;30.054;29.652;29.853;30.963;30.054;28.555;30.659;29.152;29.053;30.356;28.754;30.054;30.054;29.053;29.152;28.953;29.953;30.457;26.879;26.097;28.953;27.764;27.764;29.752;29.652;30.659;29.953;27.665;27.961;28.853;30.054;30.255;30.963;29.452;31.472;28.456;27.862;28.655;31.268;30.054;28.853;30.76;27.961;28.159;30.154;30.558;30.356;30.558;29.552;30.457;28.357;30.054;29.652;30.054;25.805;27.468;29.953;30.054;30.054;30.558;30.558;28.456;29.953;29.352;26.195;27.961
27.06.2019 10:40;27.06.2019 10:40;10:40;34.67;30.356;29.252;31.472;30.558;30.659;30.457;30.457;30.963;29.252;29.752;30.154;29.853;31.064;30.255;28.456;31.166;30.054;28.953;30.862;28.754;30.457;30.356;29.552;29.652;29.552;30.558;30.76;27.272;26.488;29.652;28.258;28.159;30.659;29.853;30.963;30.558;28.06;28.06;29.152;30.76;30.558;30.356;29.853;31.778;28.953;28.258;28.754;31.676;30.457;28.754;31.166;28.357;28.456;30.356;30.659;30.154;30.255;29.752;30.963;29.252;30.457;29.452;30.255;26.292;27.961;30.054;30.558;30.558;31.268;30.659;29.053;30.154;29.652;26.39;28.456
27.06.2019 10:50;27.06.2019 10:50;10:50;34.83;30.862;29.652;31.88;31.166;30.76;30.862;30.659;31.166;29.652;30.255;30.659;30.76;31.268;30.76;28.953;31.778;30.862;29.552;31.166;28.953;30.154;30.862;30.054;30.255;30.862;30.862;31.472;27.567;26.879;29.752;28.357;28.655;30.255;30.457;31.166;29.853;28.456;28.555;29.452;31.268;30.963;30.659;30.558;31.676;29.452;28.655;29.252;32.086;30.659;28.655;31.574;28.555;29.053;30.862;30.659;30.356;31.064;30.255;31.37;29.853;31.268;30.154;30.862;26.585;28.258;30.558;30.76;30.862;31.472;31.37;29.652;30.356;29.752;26.585;29.053
27.06.2019 11:00;27.06.2019 11:00;11:00;35.00;30.963;30.659;32.807;31.166;31.37;31.166;30.963;31.574;30.154;31.064;31.064;31.472;31.574;31.064;29.352;32.086;31.166;29.652;31.472;29.552;30.659;31.472;30.457;30.76;30.963;31.064;31.574;27.764;27.37;29.452;28.754;28.754;30.457;30.963;31.472;30.659;28.953;28.853;30.457;31.472;31.37;31.268;31.064;31.983;29.953;29.152;29.752;32.394;31.166;28.655;32.188;28.953;29.552;31.88;31.166;30.659;31.268;30.862;31.983;30.255;31.268;30.76;31.268;26.879;28.555;31.166;31.268;30.963;31.983;31.778;29.152;31.064;30.659;26.879;29.452
27.06.2019 11:10;27.06.2019 11:10;11:10;35.17;31.37;30.76;33.326;31.472;32.086;31.37;31.574;31.778;30.659;31.472;31.676;31.574;32.188;31.778;29.853;32.291;32.086;30.154;31.472;30.054;31.37;31.778;31.064;31.064;31.268;31.778;31.88;28.159;27.862;29.652;29.352;29.152;30.963;31.37;31.676;30.659;29.552;29.352;30.862;32.086;31.676;31.574;31.574;31.88;30.054;29.552;30.054;32.704;31.676;28.853;32.394;29.853;29.953;32.188;31.472;31.268;32.086;31.472;32.704;30.963;31.778;31.574;31.88;26.977;29.053;31.166;31.37;31.268;32.086;31.983;29.652;31.472;30.963;27.272;29.953
27.06.2019 11:20;27.06.2019 11:20;11:20;35.33;31.676;31.166;33.743;31.983;31.983;31.983;32.086;32.394;30.963;31.983;32.291;32.188;32.6;32.086;30.054;32.807;31.983;30.457;32.086;30.356;31.88;32.188;31.676;31.472;31.983;32.188;32.394;28.456;28.159;29.853;29.853;29.552;31.064;31.472;31.778;30.862;30.255;29.853;30.963;32.291;31.983;31.676;31.472;31.88;30.659;29.953;30.457;33.014;32.291;29.152;32.497;30.76;30.054;32.497;31.778;31.88;31.983;31.983;33.43;31.064;32.188;31.778;32.497;27.272;29.652;31.778;31.778;31.37;32.394;32.291;30.154;31.983;31.676;27.468;30.457
27.06.2019 11:30;27.06.2019 11:30;11:30;35.50;31.983;31.472;34.268;32.291;32.497;32.188;32.188;32.704;30.76;32.291;32.807;32.291;33.118;32.394;30.054;33.222;31.676;30.76;32.704;30.457;32.394;32.911;32.394;31.778;32.086;32.911;32.6;28.853;28.456;30.356;30.558;29.953;31.268;31.676;32.394;31.064;30.659;30.154;31.166;32.6;32.497;31.268;32.291;31.88;30.659;30.356;30.558;33.222;32.497;29.252;33.222;31.574;30.356;32.807;32.188;31.88;32.807;32.807;32.911;31.064;32.497;31.676;32.394;27.862;30.76;32.188;32.291;32.394;32.807;32.6;30.659;32.086;31.574;27.961;31.166
27.06.2019 11:40;27.06.2019 11:40;11:40;35.67;32.6;31.778;34.163;32.291;32.394;32.291;32.497;32.911;30.963;32.911;32.704;32.911;33.953;33.014;30.457;33.639;32.704;30.659;33.014;30.862;31.983;33.222;32.911;32.188;32.704;33.118;32.704;29.252;28.853;30.558;31.064;30.457;31.778;31.88;32.188;32.086;31.064;30.356;31.88;33.222;32.704;31.778;32.6;31.88;31.166;30.659;31.064;33.326;32.704;29.652;32.704;32.188;30.963;33.014;32.497;32.6;32.911;33.222;32.807;31.574;33.326;32.291;32.807;28.159;30.356;31.88;32.807;33.014;32.911;32.704;31.064;32.086;32.086;28.357;31.268
27.06.2019 11:50;27.06.2019 11:50;11:50;35.83;33.014;32.291;34.479;32.188;32.188;32.6;32.704;32.497;31.268;33.222;33.118;33.43;33.535;32.911;30.76;33.953;32.807;30.659;33.43;31.268;32.6;33.43;33.222;32.704;33.118;33.43;32.911;29.552;29.252;30.76;31.472;30.963;32.188;32.394;32.086;31.983;31.166;30.76;32.086;32.704;33.118;31.778;32.704;31.268;31.37;31.166;31.37;34.163;33.014;30.154;33.014;33.326;31.37;33.118;32.6;33.014;33.326;33.535;33.014;32.188;33.743;32.497;33.326;28.258;30.558;32.497;33.222;32.807;33.326;33.118;31.37;32.188;32.188;28.655;31.778
27.06.2019 12:00;27.06.2019 12:00;12:00;36.00;33.222;32.497;34.903;32.188;32.497;32.807;32.6;32.6;31.574;33.43;33.326;33.639;33.326;33.118;31.064;34.374;33.222;31.064;33.639;31.574;33.014;33.535;33.743;33.535;33.326;33.848;33.639;29.853;29.552;31.064;31.88;31.166;32.291;32.6;32.497;32.188;31.472;30.963;32.291;32.291;33.118;32.291;32.911;30.862;31.37;31.983;31.676;33.743;33.118;30.356;33.326;33.326;31.472;33.639;32.6;32.188;32.6;33.43;33.848;32.911;33.535;32.6;33.326;28.555;30.862;32.704;33.743;32.911;33.535;33.43;31.676;32.394;32.188;28.953;32.086
27.06.2019 12:10;27.06.2019 12:10;12:10;36.17;33.43;32.807;35.009;32.497;32.704;33.118;32.911;33.014;31.983;33.743;33.639;33.953;33.535;33.326;31.472;34.796;33.953;31.268;34.058;31.88;33.326;32.911;33.014;33.953;34.374;34.374;33.743;30.154;29.752;31.268;32.188;31.983;32.6;32.911;32.704;32.394;31.574;31.268;32.6;32.6;33.535;32.6;33.118;31.166;31.268;32.704;31.88;33.953;32.807;30.659;33.222;33.535;31.676;34.163;33.222;32.291;32.704;33.639;33.326;33.118;33.535;32.6;33.848;28.655;31.676;33.118;34.163;33.848;33.535;33.848;32.188;32.911;32.6;29.252;32.6
27.06.2019 12:20;27.06.2019 12:20;12:20;36.33;33.535;32.911;35.222;32.497;33.639;33.43;33.326;33.014;32.394;33.953;34.058;33.953;33.743;33.535;31.778;34.796;33.953;31.268;34.585;32.188;33.639;32.911;33.222;34.058;33.848;34.268;33.639;30.558;30.154;31.676;32.497;32.704;33.222;33.222;32.704;32.188;31.574;31.472;32.807;32.704;33.743;32.704;33.43;31.676;31.676;33.014;32.086;34.163;32.704;31.574;33.535;33.848;32.086;34.058;33.535;32.911;33.014;33.743;33.326;33.535;34.058;33.118;34.163;28.853;32.291;33.222;34.374;33.639;33.743;33.848;32.497;33.014;32.6;29.352;33.118
27.06.2019 12:30;27.06.2019 12:30;12:30;36.50;33.848;32.807;35.009;33.118;34.058;33.326;33.535;33.639;32.291;34.374;33.953;33.743;34.163;33.848;31.983;34.903;34.374;31.574;34.903;32.394;33.639;33.118;32.911;34.479;34.163;34.585;33.848;30.76;30.659;31.983;32.6;33.222;33.535;33.326;33.014;32.497;31.983;31.676;32.911;33.118;33.639;32.911;33.535;32.704;31.983;33.326;32.086;34.374;32.911;32.807;34.163;34.268;32.188;34.163;33.953;32.704;33.535;33.953;33.535;33.222;34.479;33.43;34.374;29.053;32.6;33.535;34.691;33.639;33.639;33.848;32.807;33.326;32.807;29.552;33.743
27.06.2019 12:40;27.06.2019 12:40;12:40;36.67;34.479;33.326;35.115;33.118;34.268;33.118;33.639;33.953;33.014;34.903;33.743;34.268;34.374;34.163;32.086;35.328;34.163;31.88;34.903;32.6;34.163;33.743;33.43;34.903;34.058;35.009;33.848;30.862;30.963;32.291;33.118;33.535;33.743;33.118;33.43;32.911;32.188;31.88;33.326;33.43;33.848;33.118;33.535;33.326;31.88;33.743;32.394;34.268;33.118;33.118;34.058;34.479;32.807;34.585;34.479;32.497;33.118;34.691;33.953;33.326;35.009;34.058;34.268;29.152;32.497;33.639;35.009;33.848;33.743;34.268;32.394;33.222;32.807;29.752;34.058
27.06.2019 12:50;27.06.2019 12:50;12:50;36.83;34.479;33.848;35.009;33.118;34.058;33.848;34.374;34.374;33.014;35.328;34.163;34.691;34.479;34.691;32.291;35.115;34.163;31.983;34.796;32.911;34.268;33.953;33.639;35.009;33.953;35.222;34.374;31.064;31.166;32.6;33.222;33.639;33.535;33.535;33.326;33.014;32.291;32.086;33.535;33.43;34.585;33.014;33.743;33.743;31.983;34.268;32.394;34.585;33.743;33.43;34.163;34.585;32.807;34.585;34.796;32.807;33.43;35.009;33.743;33.639;35.222;34.374;34.691;29.352;32.704;33.953;35.328;33.953;34.268;34.479;32.6;33.743;33.222;30.054;34.585
27.06.2019 13:00;27.06.2019 13:00;13:00;37.00;34.691;33.639;35.649;33.535;34.268;34.163;34.479;33.953;33.118;35.435;33.743;34.691;34.585;35.009;32.497;35.222;34.796;32.497;34.479;32.911;34.268;34.268;33.953;35.328;34.163;35.222;34.585;31.268;31.268;33.326;33.639;33.953;33.848;33.639;33.43;33.639;32.6;32.086;33.848;33.953;34.796;33.222;34.374;34.268;32.291;34.796;32.704;34.796;33.639;33.639;34.268;34.903;33.639;35.009;34.796;32.807;33.639;35.222;33.953;33.743;35.328;34.374;35.649;29.552;32.6;33.743;35.649;34.058;34.691;35.115;32.704;33.639;33.222;30.154;34.479
27.06.2019 13:10;27.06.2019 13:10;13:10;37.17;35.009;33.743;35.649;33.848;34.374;34.585;34.585;34.058;33.743;35.328;34.268;34.691;34.479;35.328;32.6;35.222;35.115;32.704;35.328;33.118;34.374;34.268;34.691;35.328;34.585;35.115;34.796;31.37;31.676;33.639;34.058;34.479;34.058;34.163;33.848;33.953;32.6;32.291;33.953;34.058;34.796;33.848;34.268;35.009;32.6;34.796;32.807;34.903;34.058;33.953;34.585;35.222;33.43;35.542;34.479;33.014;34.268;35.222;33.848;33.743;35.328;34.374;35.542;29.752;33.118;34.585;35.864;33.848;34.585;35.328;32.6;33.326;33.326;30.457;34.903
27.06.2019 13:20;27.06.2019 13:20;13:20;37.33;34.903;33.848;36.187;34.058;34.796;34.691;34.903;34.903;33.953;35.435;34.268;35.115;34.796;35.435;33.014;35.328;35.435;32.6;35.649;33.43;35.009;34.374;34.903;35.756;34.268;35.542;34.796;31.676;31.676;33.639;34.479;34.903;34.374;34.268;34.479;33.953;32.911;32.807;34.058;34.374;35.115;33.953;34.796;34.903;32.704;35.009;33.118;35.115;33.953;34.163;34.903;35.115;33.743;35.649;34.796;33.43;34.268;34.796;34.479;33.43;35.435;34.691;35.328;30.054;33.535;34.796;35.649;34.374;34.268;35.864;32.807;33.222;33.222;30.659;35.328
27.06.2019 13:30;27.06.2019 13:30;13:30;37.50;35.542;34.796;36.728;34.058;34.479;34.903;35.222;34.903;33.848;35.756;34.374;35.328;35.009;35.649;33.326;35.222;35.542;32.911;35.649;33.743;35.009;34.796;35.222;36.403;34.903;35.756;35.009;31.778;32.086;33.535;34.374;35.009;34.585;34.479;34.374;33.953;33.326;32.807;34.585;34.374;35.222;33.848;34.691;34.903;33.014;34.585;33.326;35.222;34.163;34.268;35.009;35.328;34.374;36.295;35.115;33.743;34.585;35.864;34.479;33.953;34.903;34.796;35.649;30.356;33.743;35.222;35.649;34.691;34.903;35.542;33.639;33.43;33.43;30.76;35.328
27.06.2019 13:40;27.06.2019 13:40;13:40;37.67;35.756;34.796;36.837;33.848;34.691;34.903;35.222;35.115;34.058;35.649;34.796;35.864;35.649;35.115;33.639;35.756;35.649;33.014;36.079;33.743;35.222;35.009;35.328;36.728;35.435;35.649;35.009;31.983;32.291;34.163;34.585;35.222;34.479;34.796;34.903;34.268;33.43;33.014;35.115;34.479;35.328;34.058;34.903;35.115;33.118;34.796;33.535;35.115;34.796;34.268;35.328;35.328;34.691;35.756;35.222;33.953;34.585;36.511;34.796;34.268;35.009;34.796;35.328;30.457;34.058;35.435;35.971;34.585;35.542;35.435;33.639;34.268;33.953;31.064;35.649
27.06.2019 13:50;27.06.2019 13:50;13:50;37.83;35.756;34.585;36.62;34.163;35.009;34.691;35.222;35.222;34.268;35.971;34.691;35.864;35.435;34.796;33.848;36.079;35.435;33.118;35.971;33.953;35.328;35.009;35.009;36.837;35.649;35.649;35.542;32.188;32.6;34.058;34.903;35.009;34.479;34.796;35.222;34.479;33.639;33.326;35.328;34.479;35.435;34.374;35.009;35.222;33.535;35.328;33.953;35.435;35.328;34.479;35.328;35.649;34.903;35.971;35.649;34.268;34.691;36.403;35.222;34.796;35.328;34.796;35.542;30.659;34.163;35.756;35.864;34.796;35.222;35.435;33.743;34.374;34.163;31.166;35.756
27.06.2019 14:00;27.06.2019 14:00;14:00;38.00;35.756;35.222;36.837;34.479;35.756;35.115;35.649;35.542;34.374;36.403;34.903;35.971;35.971;35.542;33.848;36.62;35.756;33.326;36.187;34.058;35.756;35.756;35.328;36.62;35.649;36.187;36.079;32.291;32.497;34.374;35.435;35.435;34.903;34.796;35.435;35.009;33.848;33.326;35.328;34.691;35.864;34.163;35.115;35.756;33.953;35.542;33.743;35.649;35.222;34.796;35.542;35.864;35.222;36.295;35.649;34.374;34.796;36.946;35.222;35.009;36.079;35.756;36.187;30.963;33.953;35.542;36.295;34.903;35.542;35.542;33.639;34.585;34.374;31.37;36.403
27.06.2019 14:10;27.06.2019 14:10;14:10;38.17;35.328;35.756;36.946;34.903;35.542;35.542;35.971;35.542;34.903;36.837;35.115;36.403;36.079;36.187;34.374;37.055;35.971;33.639;36.62;34.268;35.756;35.756;35.756;36.62;35.542;36.946;36.187;32.497;32.497;34.903;35.542;35.756;35.222;35.222;35.864;34.691;34.163;33.535;35.115;35.649;36.079;34.796;35.542;35.756;35.009;35.756;33.953;35.971;35.756;34.903;35.971;35.971;35.222;36.295;36.079;34.691;35.435;36.728;35.649;35.115;36.728;35.971;36.511;31.166;34.058;35.971;36.728;35.756;35.864;35.756;33.639;34.796;34.585;31.472;36.295
27.06.2019 14:20;27.06.2019 14:20;14:20;38.33;36.187;35.649;36.728;34.796;35.864;35.864;36.295;35.328;34.479;36.837;35.222;36.62;36.079;35.971;34.058;36.728;36.403;33.743;37.055;34.479;36.079;35.649;35.328;37.165;35.864;36.946;36.079;32.6;32.704;35.435;35.864;36.079;35.649;35.864;36.295;35.328;34.479;33.848;35.435;35.542;36.079;34.374;35.864;35.971;35.009;35.971;34.479;35.756;35.756;34.691;36.079;36.728;35.435;36.62;36.187;34.903;35.222;36.946;35.864;35.328;36.511;35.756;36.511;31.268;34.163;36.295;36.728;36.403;35.864;35.864;33.743;34.691;34.479;31.574;36.403
27.06.2019 14:30;27.06.2019 14:30;14:30;38.50;36.403;36.187;37.055;34.796;36.079;36.079;36.403;35.649;34.585;37.384;34.903;36.728;36.187;35.864;34.479;36.837;36.728;33.953;37.165;34.585;36.079;36.728;35.328;37.165;35.756;37.274;36.187;32.911;33.014;35.649;36.079;36.079;35.435;35.756;36.187;35.115;34.585;34.058;35.222;35.756;35.971;34.691;35.649;36.187;34.796;36.403;34.691;36.079;36.079;35.115;36.403;37.165;35.222;36.946;36.079;35.115;35.435;36.62;35.971;35.009;36.62;35.864;36.511;31.472;34.374;36.295;36.837;36.403;36.295;36.187;34.163;34.691;34.585;31.676;36.837
27.06.2019 14:40;27.06.2019 14:40;14:40;38.67;36.946;36.295;37.165;34.585;36.403;36.403;36.295;35.542;34.691;37.165;35.328;36.728;36.187;35.756;34.903;37.055;36.187;34.374;37.274;34.691;36.403;37.055;35.009;37.494;36.295;37.274;36.511;33.014;33.43;35.222;36.403;36.295;35.756;36.295;36.295;34.796;34.585;34.479;35.435;35.864;35.971;34.796;35.971;36.728;34.585;36.62;34.691;36.403;36.511;35.222;36.511;37.494;35.649;37.055;36.079;34.903;35.756;37.165;36.079;35.435;36.62;36.511;36.62;31.88;34.903;36.187;37.274;36.728;36.295;36.403;34.479;34.691;34.691;31.983;36.946
27.06.2019 14:50;27.06.2019 14:50;14:50;38.83;37.494;36.187;37.494;34.691;36.62;36.511;36.403;35.971;34.691;37.384;35.542;36.837;35.971;35.864;35.009;37.055;37.055;34.691;37.384;35.009;36.728;36.511;35.009;37.494;36.079;37.604;36.946;33.014;33.43;35.222;36.62;36.837;36.079;36.295;36.295;35.435;34.796;34.479;35.756;35.864;36.511;35.115;36.403;37.384;34.796;36.403;35.009;36.837;36.403;35.649;36.511;37.494;36.403;37.274;36.511;35.649;35.971;37.714;36.511;35.649;36.62;36.295;36.728;32.086;35.115;36.62;37.494;36.837;36.079;36.62;34.585;34.903;34.796;32.188;37.384
27.06.2019 15:00;27.06.2019 15:00;15:00;39.00;37.165;35.971;38.046;34.796;36.837;36.62;36.295;35.756;34.903;37.824;35.864;37.384;36.837;36.295;35.542;37.494;37.274;34.903;37.384;35.009;36.946;36.728;35.435;38.046;36.295;37.935;36.837;33.014;33.43;35.542;36.946;37.384;36.403;36.187;36.511;35.756;34.903;34.479;35.649;35.864;36.62;35.222;36.728;37.055;35.435;36.728;35.328;36.62;36.728;35.971;36.511;37.935;36.511;37.604;36.946;35.328;36.403;38.046;36.403;35.649;36.511;36.837;37.055;32.188;35.542;37.055;37.494;37.055;36.62;36.62;35.115;34.903;34.796;32.394;37.604
27.06.2019 15:10;27.06.2019 15:10;15:10;39.17;37.494;36.511;37.935;35.009;36.946;36.187;36.403;35.435;35.222;38.046;35.971;37.384;36.62;36.403;36.295;37.384;36.837;34.903;37.384;35.115;36.837;36.511;35.435;38.046;36.62;37.274;36.837;33.118;33.639;35.971;36.946;37.274;36.62;36.728;36.62;36.079;34.796;34.903;36.295;36.187;37.055;35.222;36.728;36.187;35.435;36.62;35.542;36.728;36.511;35.756;36.837;37.824;36.295;37.604;37.055;35.542;36.62;37.714;36.511;35.971;37.274;36.946;37.165;32.086;35.864;37.384;37.714;37.274;36.62;36.946;35.222;34.691;34.796;32.291;37.055
27.06.2019 15:20;27.06.2019 15:20;15:20;39.33;37.055;36.62;38.268;35.115;36.403;36.403;36.403;35.222;35.009;37.384;35.649;37.494;36.187;36.62;36.079;37.494;36.511;34.903;38.268;35.328;36.837;36.728;35.864;37.714;36.62;37.055;36.946;33.222;33.639;36.62;37.274;37.494;36.295;36.946;36.728;35.971;34.903;35.115;36.511;36.403;36.837;35.115;36.403;36.187;34.585;37.055;35.756;37.055;36.403;35.971;36.728;38.157;36.62;37.604;36.946;35.542;36.511;37.604;36.837;36.403;37.274;36.837;37.384;31.983;35.756;37.165;37.935;37.274;36.837;36.837;35.115;34.691;34.796;32.291;37.274
27.06.2019 15:30;27.06.2019 15:30;15:30;39.50;36.837;36.403;38.046;35.328;36.62;36.837;36.403;35.115;35.222;37.274;35.328;37.824;35.864;36.728;35.971;37.714;36.946;35.115;38.938;35.115;37.055;36.187;35.864;37.714;36.946;37.494;37.494;33.535;33.848;36.511;36.62;37.274;36.511;37.055;36.837;35.756;35.009;35.009;36.62;36.511;36.728;35.756;36.511;36.187;34.374;37.055;35.756;37.384;37.165;36.079;36.728;38.379;36.728;37.714;36.728;35.435;36.946;37.824;36.62;36.511;37.384;36.837;37.935;31.88;35.756;36.946;38.046;37.055;36.728;36.837;35.115;34.585;34.691;32.394;37.714
27.06.2019 15:40;27.06.2019 15:40;15:40;39.67;36.946;36.187;37.824;35.542;36.079;37.165;36.511;35.009;35.009;37.824;34.796;37.714;35.756;36.511;36.079;37.274;37.055;35.009;38.046;35.328;37.274;36.511;35.756;37.604;36.511;37.714;37.494;33.43;33.743;36.295;36.728;37.055;36.187;37.165;36.62;35.649;35.115;34.903;36.403;36.295;36.946;35.328;36.62;36.295;34.585;37.055;35.864;37.274;37.165;35.756;36.728;38.714;37.274;37.604;37.384;35.435;36.62;38.268;36.728;36.295;37.384;36.728;37.165;31.676;35.756;37.604;37.824;37.494;36.728;37.274;35.222;35.009;35.009;32.394;37.604
27.06.2019 15:50;27.06.2019 15:50;15:50;39.83;37.165;36.295;38.046;35.115;35.971;37.055;36.295;35.009;35.009;37.824;34.691;37.494;35.649;36.403;35.971;37.055;37.274;34.691;37.935;35.328;37.055;36.079;35.435;37.824;36.946;38.046;37.384;33.326;33.639;36.837;36.728;37.055;36.403;37.274;36.728;35.756;35.009;35.009;36.511;36.403;36.62;35.542;37.055;36.187;34.903;37.055;35.756;36.946;37.384;35.756;36.511;38.49;37.055;37.604;37.714;35.864;36.62;38.046;36.62;36.079;37.274;36.511;37.165;31.676;35.328;37.494;37.824;37.714;36.728;37.384;35.542;35.435;35.542;32.394;37.384
27.06.2019 16:00;27.06.2019 16:00;16:00;40.00;37.935;36.946;37.714;35.435;35.864;37.494;36.511;35.009;35.009;38.157;34.796;37.494;35.756;36.728;36.187;37.055;37.165;34.585;37.824;35.542;37.274;35.971;35.542;38.379;37.165;38.49;36.728;33.43;33.953;37.384;37.165;37.384;36.62;37.384;36.511;36.295;35.009;35.115;36.62;36.62;36.837;35.435;37.055;36.187;34.691;37.274;35.971;37.165;37.055;36.079;36.295;38.046;37.165;37.824;37.604;35.864;36.728;38.046;37.494;36.295;37.384;36.403;37.165;31.676;35.328;37.384;37.824;38.046;36.403;37.165;35.435;35.009;35.009;32.291;37.824
