"NUMMER","time_20_21","time_21_22","time_22_23","time_23_00","time_00_01","time_01_02","time_02_03","time_03_04","time_04_05","time_05_06","time_06_07","time_07_08","time_08_09","time_09_10","time_10_11","time_11_12","time_12_13","time_13_14","time_20_22","time_21_23","time_22_00","time_23_01","time_00_02","time_01_03","time_02_04","time_03_05","time_04_06","time_05_07","time_06_08","time_07_09","time_08_10","time_09_11","time_10_12","time_11_13","time_12_14","time_20_23","time_21_00","time_22_01","time_23_02","time_00_03","time_01_04","time_02_05","time_03_06","time_04_07","time_05_08","time_06_09","time_07_10","time_08_11","time_09_12","time_10_13","time_11_14","time_20_00","time_21_01","time_22_02","time_23_03","time_00_04","time_01_05","time_02_06","time_03_07","time_04_08","time_05_09","time_06_10","time_07_11","time_08_12","time_09_13","time_10_14","night_22_06"
16,27.577,25.572,24.129,23.6,NA,NA,21.104,21.726,22.052,22.398,24.133,26.593,29.936,31.148,NA,35.702,36.458,37.333,26.358,24.857,23.967,23.6,NA,21.104,21.506,21.874,22.243,22.991,25.723,28.308,30.097,31.148,35.702,36.196,36.662,25.525,24.632,23.967,23.6,21.104,21.506,21.696,22.062,22.663,24.376,27.431,28.516,30.097,34.667,36.196,36.384,25.253,24.632,23.967,22.229,21.506,21.696,21.907,22.387,23.799,25.981,27.649,28.516,31.865,35.727,36.384,22.531
86,26.271,25.344,24.422,23.522,NA,NA,21.233,20.851,21.057,22.285,24.069,26.525,28.935,30.705,NA,34.791,35.937,36.371,25.707,24.887,24.147,23.522,NA,21.233,20.987,20.944,21.734,22.895,25.656,27.761,29.17,30.705,34.791,35.539,36.038,25.227,24.643,24.147,23.522,21.233,20.987,21.011,21.426,22.254,24.291,26.986,27.976,29.17,33.862,35.539,35.677,24.986,24.643,24.147,22.265,20.987,21.011,21.395,21.84,23.488,25.632,27.204,27.976,30.943,35.09,35.677,22.228
82,29.246,27.955,27.074,26.456,NA,NA,23.538,23.129,23.02,23.344,25.35,28.236,31.133,33.043,NA,36.742,37.139,38.017,28.46,27.519,26.885,26.456,NA,23.538,23.275,23.08,23.199,24.03,27.216,29.723,31.387,33.043,36.742,37.002,37.343,27.943,27.329,26.885,26.456,23.538,23.275,23.186,23.175,23.678,25.647,28.804,29.965,31.387,35.902,37.002,37.169,27.732,27.329,26.885,24.854,23.275,23.186,23.233,23.516,24.996,27.231,29.053,29.965,33.076,36.634,37.169,24.339
33,23.575,21.97,21.487,20.674,NA,NA,18.857,18.78,19.664,23.262,25.779,28.072,30.228,31.305,NA,34.09,34.737,34.963,22.598,21.731,21.238,20.674,NA,18.857,18.806,19.182,21.649,24.121,27.262,29.178,30.372,31.305,34.09,34.512,34.79,22.183,21.542,21.238,20.674,18.857,18.806,19.106,20.646,22.567,25.64,28.465,29.334,30.372,33.457,34.512,34.587,21.97,21.542,21.238,19.676,18.806,19.106,20.357,21.45,24.158,26.965,28.631,29.334,31.544,34.214,34.587,20.624
71,24.82,23.654,22.236,21.547,NA,NA,19.292,19.013,19.008,21.305,23.782,27.839,30.241,31.695,NA,34.914,36.128,36.833,24.111,22.952,22.026,21.547,NA,19.292,19.113,19.011,20.275,22.152,26.404,29.071,30.435,31.695,34.914,35.706,36.292,23.41,22.701,22.026,21.547,19.292,19.113,19.076,19.834,21.055,24.338,27.96,29.263,30.435,34.183,35.706,35.892,23.147,22.701,22.026,20.309,19.113,19.076,19.747,20.453,23.016,26.043,28.179,29.263,31.847,35.334,35.892,20.437
42,28.035,26.756,25.884,24.669,NA,NA,22.193,22.34,22.334,22.505,24.853,27.803,30.041,31.259,NA,34.871,36.035,36.345,27.258,26.323,25.513,24.669,NA,22.193,22.288,22.337,22.428,23.308,26.759,28.952,30.204,31.259,34.871,35.631,36.106,26.744,26.027,25.513,24.669,22.193,22.288,22.304,22.397,22.968,25.036,28.09,29.12,30.204,34.05,35.631,35.748,26.451,26.027,25.513,23.309,22.288,22.304,22.364,22.783,24.366,26.481,28.276,29.12,31.675,35.225,35.748,23.318
68,24.99,24.209,22.446,21.789,NA,NA,19.317,19.075,19.617,21.386,23.637,26.92,30.064,31.241,NA,35.287,36.219,36.372,24.514,23.336,22.246,21.789,NA,19.317,19.161,19.322,20.593,22.155,25.759,28.533,30.221,31.241,35.287,35.896,36.255,23.741,23.06,22.246,21.789,19.317,19.161,19.321,20.062,21.27,23.987,27.505,28.731,30.221,34.367,35.896,35.974,23.466,23.06,22.246,20.431,19.161,19.321,19.942,20.623,22.903,25.742,27.724,28.731,31.818,35.463,35.974,20.639
13,27.078,25.994,24.763,24.111,NA,NA,22.37,21.848,21.966,23.35,25.627,27.81,30.536,31.667,NA,35.169,35.617,35.496,26.418,25.385,24.564,24.111,NA,22.37,22.034,21.902,22.73,24.128,27.038,29.209,30.687,31.667,35.169,35.461,35.588,25.8,25.157,24.564,24.111,22.37,22.034,22.01,22.421,23.374,25.543,28.456,29.388,30.687,34.373,35.461,35.466,25.561,25.157,24.564,23.155,22.034,22.01,22.413,22.924,24.656,26.985,28.645,29.388,32.1,35.108,35.466,23.064
14,25.184,23.846,22.822,22.028,NA,NA,20.652,20.679,21.104,21.881,23.852,25.745,28.642,30.384,NA,34.127,34.664,35.098,24.37,23.338,22.579,22.028,NA,20.652,20.67,20.872,21.533,22.554,25.075,27.231,28.874,30.384,34.127,34.478,34.765,23.791,23.104,22.579,22.028,20.652,20.67,20.822,21.234,22.049,23.781,26.522,27.462,28.874,33.276,34.478,34.58,23.542,23.104,22.579,21.272,20.67,20.822,21.141,21.645,23.117,25.185,26.748,27.462,30.531,34.097,34.58,21.576
70,26.743,25.791,24.854,23.726,NA,NA,20.841,20.842,20.746,21.93,24.176,26.025,29.474,31.249,NA,35.886,37.119,37.883,26.164,25.327,24.51,23.726,NA,20.841,20.842,20.798,21.399,22.697,25.371,27.795,29.711,31.249,35.886,36.691,37.296,25.674,25.041,24.51,23.726,20.841,20.842,20.809,21.204,22.016,23.976,27.035,28.047,29.711,34.833,36.691,36.887,25.399,25.041,24.51,22.142,20.842,20.809,21.146,21.67,23.175,25.564,27.282,28.047,31.658,36.185,36.887,22.164
17,24.556,23.766,22.829,22.187,NA,NA,20.54,20.288,20.326,21.372,24.61,27.469,29.759,31.342,NA,34.688,35.246,35.892,24.075,23.302,22.633,22.187,NA,20.54,20.378,20.305,20.903,22.479,26.457,28.644,29.97,31.342,34.688,35.053,35.396,23.61,23.103,22.633,22.187,20.54,20.378,20.36,20.688,21.728,24.396,27.796,28.841,29.97,33.928,35.053,35.191,23.409,23.103,22.633,21.282,20.378,20.36,20.664,21.303,23.387,25.945,28.004,28.841,31.458,34.708,35.191,21.26
52,27.882,26.14,25.183,24.612,NA,NA,22.063,21.557,21.205,21.865,24.724,27.691,29.925,31.518,NA,35.761,36.662,37.4,26.822,25.666,25.008,24.612,NA,22.063,21.737,21.397,21.569,22.842,26.641,28.837,30.137,31.518,35.761,36.35,36.834,26.21,25.477,25.008,24.612,22.063,21.737,21.551,21.565,22.271,24.706,27.973,29.033,30.137,34.797,36.35,36.523,25.984,25.477,25.008,23.212,21.737,21.551,21.645,22.06,23.838,26.213,28.181,29.033,31.911,35.901,36.523,22.664
19,28.529,27.143,25.888,25.124,NA,NA,22.878,22.326,21.957,22.249,25.263,28.947,30.926,31.853,NA,35.494,36.15,36.618,27.686,26.522,25.654,25.124,NA,22.878,22.523,22.158,22.118,23.279,27.644,29.963,31.05,31.853,35.494,35.922,36.258,27.014,26.272,25.654,25.124,22.878,22.523,22.325,22.19,22.818,25.458,28.975,30.101,31.05,34.666,35.922,36.036,26.747,26.272,25.654,23.891,22.523,22.325,22.302,22.673,24.59,27.037,29.144,30.101,32.451,35.544,36.036,23.317
26,28.953,27.193,26.324,25.918,NA,NA,22.692,22.066,21.831,22.827,25.413,27.913,30.108,31.389,NA,35.203,35.929,36.404,27.882,26.763,26.2,25.918,NA,22.692,22.289,21.959,22.381,23.711,27.029,29.039,30.279,31.389,35.203,35.677,36.04,27.3,26.612,26.2,25.918,22.692,22.289,22.129,22.27,23.055,25.326,28.278,29.211,30.279,34.336,35.677,35.797,27.105,26.612,26.2,24.147,22.289,22.129,22.339,22.763,24.459,26.707,28.46,29.211,31.832,35.279,35.797,23.508
21,26.918,25.443,24.35,23.615,NA,NA,20.981,20.457,20.071,20.665,23.679,26.724,28.488,29.58,NA,33.663,34.58,36.045,26.021,24.902,24.125,23.615,NA,20.981,20.644,20.281,20.398,21.696,25.647,27.629,28.634,29.58,33.663,34.262,34.921,25.396,24.672,24.125,23.615,20.981,20.644,20.444,20.419,21.129,23.628,26.799,27.772,28.634,32.735,34.262,34.557,25.145,24.672,24.125,22.169,20.644,20.444,20.51,20.931,22.746,25.032,26.962,27.772,30.22,33.827,34.557,21.605
22,26.608,25.385,24.287,23.703,NA,NA,20.771,20.446,20.435,22.76,25.706,28.214,30.735,32.179,NA,35.875,36.963,37.432,25.864,24.842,24.109,23.703,NA,20.771,20.562,20.441,21.718,23.766,27.327,29.508,30.928,32.179,35.875,36.585,37.072,25.275,24.638,24.109,23.703,20.771,20.562,20.517,21.273,22.605,25.476,28.709,29.703,30.928,35.035,36.585,36.724,25.053,24.638,24.109,22.093,20.562,20.517,21.192,21.968,24.226,26.995,28.912,29.703,32.488,36.175,36.724,22.075
10,27.282,26.561,25.976,24.811,NA,NA,21.86,21.209,21.007,23.219,25.651,27.68,29.581,31.584,NA,35.577,36.481,36.915,26.844,26.271,25.62,24.811,NA,21.86,21.441,21.117,22.228,24.05,26.961,28.655,29.848,31.584,35.577,36.168,36.581,26.519,26.01,25.62,24.811,21.86,21.441,21.289,21.871,22.989,25.445,28.023,28.87,29.848,34.67,36.168,36.291,26.278,26.01,25.62,23.19,21.441,21.289,21.87,22.464,24.344,26.639,28.232,28.87,31.655,35.742,36.291,23.005
20,25.238,24.83,23.097,25.39,NA,NA,21.16,21.034,20.204,22.405,25.67,28.391,29.001,29.88,NA,33.069,34.079,34.903,24.989,23.973,23.798,25.39,NA,21.16,21.08,20.657,21.418,23.522,27.427,28.704,29.118,29.88,33.069,33.729,34.27,24.282,24.228,23.798,25.39,21.16,21.08,20.774,21.284,22.365,25.393,28.065,28.79,29.118,32.344,33.729,33.922,24.44,24.228,23.798,23.067,21.08,20.774,21.265,21.972,24.106,26.435,28.172,28.79,30.364,33.371,33.922,22.032
58,24.866,23.935,22.446,21.767,NA,NA,19.393,19.244,19.984,21.915,25.174,27.674,30.329,31.472,NA,35.97,37.04,37.516,24.299,23.198,22.238,21.767,NA,19.393,19.297,19.581,21.049,23.028,26.79,29.036,30.481,31.472,35.97,36.669,37.15,23.607,22.942,22.238,21.767,19.393,19.297,19.538,20.418,21.966,24.814,28.225,29.214,30.481,34.947,36.669,36.809,23.347,22.942,22.238,20.463,19.297,19.538,20.253,21.163,23.616,26.406,28.415,29.214,32.212,36.186,36.809,20.854
30,25.562,24.553,23.718,23.094,NA,NA,20.977,20.694,21.286,22.6,24.537,27.023,28.702,29.78,NA,33.853,34.591,35.116,24.949,24.14,23.527,23.094,NA,20.977,20.795,20.963,22.011,23.262,26.143,27.884,28.846,29.78,33.853,34.335,34.713,24.489,23.953,23.527,23.094,20.977,20.795,20.967,21.551,22.573,24.708,27.181,28.023,28.846,32.927,34.335,34.464,24.292,23.953,23.527,21.931,20.795,20.967,21.458,22.019,23.859,25.861,27.333,28.023,30.425,33.912,34.464,22.084
46,24.763,24.706,24.532,23.748,NA,NA,20.762,20.252,20.883,23.091,24.901,26.842,29.674,30.982,NA,35.293,36.228,36.869,24.728,24.619,24.292,23.748,NA,20.762,20.433,20.539,22.102,23.71,26.156,28.295,29.849,30.982,35.293,35.903,36.377,24.655,24.463,24.292,23.748,20.762,20.433,20.591,21.455,22.724,24.914,27.583,28.492,29.849,34.313,35.903,36.062,24.526,24.463,24.292,22.108,20.433,20.591,21.343,21.995,23.914,26.289,27.782,28.492,31.566,35.446,36.062,22.236
1,24.996,23.863,22.86,22.345,NA,NA,20.225,19.817,20.359,23.342,25.889,27.897,30.013,31.611,NA,35.078,36.309,36.606,24.307,23.366,22.702,22.345,NA,20.225,19.962,20.063,22.005,24.212,27.186,28.983,30.226,31.611,35.078,35.881,36.378,23.766,23.184,22.702,22.345,20.225,19.962,20.101,21.24,22.868,25.628,28.332,29.175,30.226,34.29,35.881,36.001,23.565,23.184,22.702,21.18,19.962,20.101,21.076,21.968,24.321,26.894,28.524,29.175,31.756,35.485,36.001,21.568
80,28.072,26.766,25.654,24.943,NA,NA,22.585,21.989,21.553,22.674,25.05,27.413,29.214,30.733,NA,35.206,35.309,35.499,27.278,26.215,25.437,24.943,NA,22.585,22.202,21.791,22.172,23.486,26.577,28.337,29.417,30.733,35.206,35.273,35.353,26.671,25.988,25.437,24.943,22.585,22.202,21.975,22.108,22.812,24.995,27.647,28.512,29.417,34.189,35.273,35.31,26.427,25.988,25.437,23.648,22.202,21.975,22.185,22.569,24.142,26.214,27.828,28.512,31.242,34.851,35.31,23.17
59,27.449,26.261,25.125,24.308,NA,NA,21.977,21.305,20.863,22.032,24.078,26.201,29.327,30.898,NA,36.665,37.204,37.996,26.727,25.698,24.875,24.308,NA,21.977,21.544,21.104,21.508,22.731,25.45,27.805,29.536,30.898,36.665,37.017,37.388,26.128,25.45,24.875,24.308,21.977,21.544,21.306,21.437,22.08,24.065,27.022,28.031,29.536,35.354,37.017,37.179,25.871,25.45,24.875,23.028,21.544,21.306,21.525,21.851,23.271,25.585,27.249,28.031,31.784,36.449,37.179,22.539
2,24.527,23.785,22.656,20.976,NA,NA,18.4,18.173,19.21,20.619,24.049,26.45,29.281,31.102,NA,35.41,35.909,36.526,24.074,23.226,22.143,20.976,NA,18.4,18.254,18.644,19.987,21.791,25.601,27.903,29.523,31.102,35.41,35.736,36.053,23.544,22.823,22.143,20.976,18.4,18.254,18.588,19.353,20.891,23.582,27.093,28.136,29.523,34.431,35.736,35.866,23.182,22.823,22.143,19.561,18.254,18.588,19.199,20.089,22.497,25.227,27.328,28.136,31.38,35.305,35.866,20.09
6,27.986,27.117,26.587,25.672,NA,NA,22.244,21.562,21.731,24.215,25.976,28.239,30.107,31.389,NA,35.756,37.181,37.433,27.458,26.854,26.307,25.672,NA,22.244,21.805,21.639,23.102,24.817,27.438,29.197,30.278,31.389,35.756,36.687,37.238,27.133,26.643,26.307,25.672,22.244,21.805,21.779,22.564,23.741,26.132,28.52,29.358,30.278,34.764,36.687,36.809,26.926,26.643,26.307,23.79,21.805,21.779,22.512,23.098,25.041,27.28,28.689,29.358,32.006,36.194,36.809,23.661
38,23.593,22.654,21.466,20.92,NA,NA,18.831,18.452,19.002,21.586,25.158,28.66,30.577,31.713,NA,35.338,36.393,36.853,23.022,22.066,21.299,20.92,NA,18.831,18.587,18.702,20.427,22.807,27.422,29.644,30.729,31.713,35.338,36.026,36.5,22.44,21.861,21.299,20.92,18.831,18.587,18.732,19.737,21.48,25.057,28.701,29.795,30.729,34.514,36.026,36.163,22.226,21.861,21.299,19.773,18.587,18.732,19.591,20.587,23.555,26.651,28.878,29.795,32.182,35.625,36.163,20.108
37,24.009,22.878,21.657,20.949,NA,NA,18.837,18.546,18.763,19.743,21.457,24.224,26.793,27.944,NA,32.048,32.776,33.103,23.321,22.273,21.44,20.949,NA,18.837,18.65,18.645,19.303,20.329,23.246,25.542,26.947,27.944,32.048,32.523,32.852,22.699,22.036,21.44,20.949,18.837,18.65,18.689,19.039,19.783,21.827,24.684,25.718,26.947,31.115,32.523,32.619,22.452,22.036,21.44,19.79,18.65,18.689,19.006,19.418,21.067,23.261,24.875,25.718,28.555,32.098,32.619,19.743
32,25.372,24.016,23.101,22.784,NA,NA,20.092,19.725,19.432,19.655,21.516,23.713,26.078,27.594,NA,32.367,32.997,33.578,24.547,23.563,23.004,22.784,NA,20.092,19.856,19.592,19.555,20.292,22.936,24.927,26.28,27.594,32.367,32.779,33.132,24.007,23.424,23.004,22.784,20.092,19.856,19.708,19.615,19.992,21.607,24.21,25.122,26.28,31.282,32.779,32.911,23.834,23.424,23.004,21.306,19.856,19.708,19.692,19.913,21.068,22.898,24.408,25.122,28.2,32.297,32.911,20.695
53,27.503,26.133,25.078,24.627,NA,NA,22.273,21.782,21.368,22.193,24.006,26.702,28.994,29.543,NA,34.029,35.228,35.944,26.669,25.611,24.94,24.627,NA,22.273,21.957,21.594,21.823,22.813,25.749,27.878,29.067,29.543,34.029,34.812,35.395,26.075,25.435,24.94,24.627,22.273,21.957,21.751,21.809,22.309,24.308,27.065,28,29.067,33.009,34.812,34.999,25.87,25.435,24.94,23.335,21.957,21.751,21.884,22.153,23.579,25.661,27.21,28,30.632,34.323,34.999,22.809
34,27.175,25.954,24.995,23.934,NA,NA,21.023,20.693,20.596,21.491,23.769,25.942,27.807,29.026,NA,34.771,36.109,36.995,26.431,25.479,24.671,23.934,NA,21.023,20.811,20.649,21.09,22.269,25.173,26.899,27.97,29.026,34.771,35.645,36.315,25.895,25.203,24.671,23.934,21.023,20.811,20.736,20.951,21.686,23.681,26.241,27.054,27.97,33.466,35.645,35.867,25.618,25.203,24.671,22.336,20.811,20.736,20.963,21.393,22.916,24.872,26.405,27.054,30.115,35.03,35.867,22.086
41,28.297,27.086,25.771,25.319,NA,NA,22.733,22.089,21.672,21.983,23.698,25.974,27.817,28.935,NA,35.145,36.24,37.339,27.56,26.435,25.633,25.319,NA,22.733,22.318,21.899,21.843,22.569,25.169,26.92,27.966,28.935,35.145,35.86,36.495,26.892,26.236,25.633,25.319,22.733,22.318,22.092,21.929,22.256,23.879,26.243,27.067,27.966,33.733,35.86,36.104,26.67,26.236,25.633,23.899,22.318,22.092,22.059,22.207,23.331,25.016,26.401,27.067,30.23,35.217,36.104,23.141
36,27.841,26.336,25.05,24.248,NA,NA,22.566,22.162,21.894,23.069,25.687,28.531,30.185,30.687,NA,34.568,35.627,36.509,26.925,25.699,24.805,24.248,NA,22.566,22.307,22.04,22.542,23.964,27.525,29.38,30.252,30.687,34.568,35.26,35.832,26.225,25.44,24.805,24.248,22.566,22.307,22.162,22.409,23.242,25.72,28.604,29.475,30.252,33.686,35.26,35.466,25.946,25.44,24.805,23.325,22.307,22.162,22.435,22.924,24.771,27.009,28.726,29.475,31.613,34.835,35.466,23.153
25,25.973,24.434,23.477,23.325,NA,NA,20.996,20.627,20.742,23.235,25.94,28.131,29.755,31.148,NA,34.724,35.807,36.604,25.037,23.96,23.431,23.325,NA,20.996,20.759,20.68,22.117,24.159,27.356,28.964,29.941,31.148,34.724,35.432,35.992,24.454,23.847,23.431,23.325,20.996,20.759,20.753,21.596,22.967,25.686,28.329,29.124,29.941,33.911,35.432,35.625,24.295,23.847,23.431,22.046,20.759,20.753,21.5,22.277,24.459,26.861,28.494,29.124,31.449,35.034,35.625,22.084
45,25.195,24.119,23.036,22.242,NA,NA,19.778,19.53,19.791,22.551,26.222,29.119,30.9,31.565,NA,34.969,36.145,36.605,24.541,23.583,22.793,22.242,NA,19.778,19.619,19.649,21.314,23.805,28.094,30.033,30.989,31.565,34.969,35.737,36.252,23.978,23.343,22.793,22.242,19.778,19.619,19.679,20.69,22.405,25.848,29.232,30.145,30.989,34.195,35.737,35.88,23.733,23.343,22.793,20.889,19.619,19.679,20.543,21.557,24.345,27.306,29.369,30.145,32.244,35.349,35.88,21.224
8,28.345,26.182,25.122,24.612,NA,NA,22.819,22.371,22.057,22.215,24.469,27.837,29.878,30.659,NA,34.381,35.131,35.969,27.029,25.657,24.966,24.612,NA,22.819,22.531,22.228,22.144,22.986,26.645,28.884,29.982,30.659,34.381,34.87,35.326,26.317,25.47,24.966,24.612,22.819,22.531,22.365,22.224,22.662,24.851,27.956,29.013,29.982,33.535,34.87,35.051,26.076,25.47,24.966,23.627,22.531,22.365,22.32,22.576,24.158,26.302,28.114,29.013,31.369,34.479,35.051,23.121
48,26.217,25.126,23.728,23.094,NA,NA,20.756,20.363,20.283,21.242,23.076,25.376,27.71,29.225,NA,33.532,34.494,34.843,25.554,24.434,23.534,23.094,NA,20.756,20.503,20.327,20.812,21.869,24.563,26.574,27.913,29.225,33.532,34.16,34.574,24.872,24.194,23.534,23.094,20.756,20.503,20.426,20.655,21.316,23.218,25.839,26.768,27.913,32.554,34.16,34.273,24.62,24.194,23.534,21.81,20.503,20.426,20.672,21.035,22.49,24.515,26.038,26.768,29.685,33.702,34.273,21.538
18,28.696,27.209,26.071,25.451,NA,NA,22.869,22.322,22.152,22.703,24.557,26.626,28.042,29.08,NA,33.112,34.04,34.812,27.791,26.646,25.882,25.451,NA,22.869,22.517,22.244,22.456,23.337,25.894,27.353,28.181,29.08,33.112,33.718,34.219,27.149,26.432,25.882,25.451,22.869,22.517,22.389,22.409,22.924,24.601,26.765,27.479,28.181,32.196,33.718,33.899,26.909,26.432,25.882,24.033,22.517,22.389,22.484,22.746,23.994,25.595,26.901,27.479,29.736,33.287,33.899,23.512
73,28.538,27.046,26.022,25.304,NA,NA,22.51,22.018,21.651,21.771,23.91,26.247,28.788,30.641,NA,35.091,35.408,36.14,27.63,26.539,25.803,25.304,NA,22.51,22.193,21.851,21.717,22.502,25.42,27.55,29.035,30.641,35.091,35.298,35.579,27.03,26.318,25.803,25.304,22.51,22.193,22.004,21.822,22.205,23.941,26.786,27.776,29.035,34.08,35.298,35.437,26.786,26.318,25.803,23.77,22.193,22.004,21.934,22.15,23.373,25.341,27.012,27.776,30.944,34.865,35.437,23.105
63,27.04,26.171,25.453,24.714,NA,NA,21.777,21.958,22.857,24.298,26.409,28.446,30.179,31.751,NA,34.49,35.652,36.126,26.512,25.815,25.227,24.714,NA,21.777,21.894,22.367,23.652,25.019,27.725,29.335,30.389,31.751,34.49,35.249,35.762,26.116,25.618,25.227,24.714,21.777,21.894,22.231,23.06,24.265,26.336,28.72,29.512,30.389,33.868,35.249,35.394,25.918,25.618,25.227,23.101,21.894,22.231,22.853,23.585,25.473,27.446,28.898,29.512,31.682,34.924,35.394,23.571
69,28.483,27.118,25.68,24.923,NA,NA,22.931,22.297,22.492,23.65,26.261,28.745,30.404,31.509,NA,35.422,36.146,36.896,27.652,26.406,25.447,24.923,NA,22.931,22.523,22.386,23.131,24.541,27.867,29.596,30.552,31.509,35.422,35.894,36.32,26.915,26.14,25.447,24.923,22.931,22.523,22.512,22.839,23.827,26.158,28.896,29.736,30.552,34.532,35.894,36.06,26.633,26.14,25.447,23.829,22.523,22.512,22.855,23.376,25.248,27.384,29.049,29.736,32.087,35.487,36.06,23.64
55,26.187,25.083,23.779,22.827,NA,NA,21.47,21.026,21.123,22.94,24.825,27.838,30.366,31.407,NA,34.125,34.743,35.206,25.517,24.437,23.489,22.827,NA,21.47,21.184,21.07,22.126,23.584,26.774,29.135,30.505,31.407,34.125,34.529,34.851,24.867,24.149,23.489,22.827,21.47,21.184,21.163,21.741,22.726,25.221,28.231,29.301,30.505,33.507,34.529,34.641,24.579,24.149,23.489,22.082,21.184,21.163,21.698,22.225,24.204,26.706,28.417,29.301,31.646,34.239,34.641,22.24
41,24.212,23.647,22.334,20.868,NA,NA,19.064,19.337,20.293,22.071,24.814,27.335,29.553,31.296,NA,34.923,35.888,36.679,23.867,22.997,21.886,20.868,NA,19.064,19.241,19.772,21.274,23.008,26.443,28.473,29.785,31.296,34.923,35.553,36.071,23.294,22.616,21.886,20.868,19.064,19.241,19.609,20.597,22.061,24.672,27.704,28.679,29.785,34.099,35.553,35.739,22.951,22.616,21.886,19.877,19.241,19.609,20.349,21.258,23.585,26.081,27.915,28.679,31.406,35.158,35.739,20.815
62,26.775,25.732,24.359,23.666,NA,NA,21.264,20.893,20.893,22.654,25.726,28.608,31.278,31.936,NA,35.203,36.399,36.438,26.141,25.053,24.147,23.666,NA,21.264,21.025,20.893,21.864,23.704,27.589,29.978,31.365,31.936,35.203,35.984,36.406,25.476,24.805,24.147,23.666,21.264,21.025,20.979,21.525,22.723,25.589,29.085,30.121,31.365,34.461,35.984,36.058,25.22,24.805,24.147,22.347,21.025,20.979,21.483,22.184,24.424,27.232,29.252,30.121,32.575,35.608,36.058,22.29
31,21.2,20.503,19.269,18.896,NA,NA,16.552,16.403,17.242,20.983,24.655,27.25,28.707,29.999,NA,33.351,34.817,35.308,20.776,19.892,19.154,18.896,NA,16.552,16.456,16.784,19.306,22.238,26.331,27.998,28.879,29.999,33.351,34.308,34.93,20.213,19.714,19.154,18.896,16.552,16.456,16.731,18.291,20.495,24.164,27.295,28.144,28.879,32.589,34.308,34.472,20.027,19.714,19.154,17.609,16.456,16.731,18.01,19.288,22.447,25.476,27.453,28.144,30.289,33.907,34.472,18.356
57,28.443,26.97,26.234,25.473,NA,NA,22.94,22.393,22.054,22.861,24.428,26.239,28.005,29.334,NA,35.033,36.205,36.716,27.547,26.606,26.001,25.473,NA,22.94,22.588,22.239,22.499,23.396,25.599,27.145,28.182,29.334,35.033,35.798,36.324,27.057,26.403,26.001,25.473,22.94,22.588,22.401,22.462,22.928,24.489,26.574,27.305,28.182,33.738,35.798,35.949,26.833,26.403,26.001,24.082,22.588,22.401,22.539,22.77,23.885,25.504,26.736,27.305,30.343,35.198,35.949,23.587
39,28.867,27.438,26.234,25.678,NA,NA,22.843,22.277,21.715,21.762,24.125,26.604,28.632,29.889,NA,33.645,34.555,35.512,27.998,26.842,26.064,25.678,NA,22.843,22.478,22.021,21.741,22.57,25.727,27.645,28.799,29.889,33.645,34.24,34.777,27.339,26.634,26.064,25.678,22.843,22.478,22.211,21.928,22.272,24.121,26.905,27.809,28.799,32.792,34.24,34.45,27.105,26.634,26.064,24.121,22.478,22.211,22.076,22.273,23.524,25.423,27.08,27.809,30.328,33.836,34.45,23.284
4,28.462,26.79,25.652,24.916,NA,NA,22.904,22.514,22.474,22.853,25.098,28.896,31.348,32.535,NA,35.319,36.193,36.746,27.446,26.227,25.427,24.916,NA,22.904,22.653,22.495,22.683,23.621,27.553,30.154,31.507,32.535,35.319,35.89,36.321,26.776,25.992,25.427,24.916,22.904,22.653,22.59,22.624,23.221,25.649,29.092,30.328,31.507,34.686,35.89,36.031,26.513,25.992,25.427,23.811,22.653,22.59,22.669,23.012,24.862,27.295,29.294,30.328,32.709,35.578,36.031,23.504
61,27.435,26.367,25.213,24.516,NA,NA,22.012,21.341,20.813,22.023,24.152,27.329,29.863,31.398,NA,34.883,36.07,36.558,26.785,25.796,25,24.516,NA,22.012,21.581,21.101,21.48,22.751,26.206,28.629,30.067,31.398,34.883,35.658,36.182,26.198,25.567,25,24.516,22.012,21.581,21.312,21.432,22.075,24.511,27.689,28.832,30.067,34.091,35.658,35.806,25.96,25.567,25,23.141,21.581,21.312,21.526,21.858,23.594,26.056,27.906,28.832,31.586,35.262,35.806,22.578
23,26.131,26.504,25.194,23.439,NA,NA,20.78,20.461,20.124,21.776,24.375,26.972,28.566,28.745,NA,34.415,35.161,35.85,26.357,25.855,24.657,23.439,NA,20.78,20.576,20.308,21.036,22.664,26.053,27.79,28.59,28.745,34.415,34.902,35.321,25.923,25.423,24.657,23.439,20.78,20.576,20.418,20.835,21.778,24.32,27.072,27.86,28.59,33.126,34.902,35.058,25.571,25.423,24.657,21.979,20.576,20.418,20.827,21.39,23.279,25.546,27.17,27.86,30.427,34.33,35.058,21.986
65,25.196,23.639,22.488,21.975,NA,NA,19.538,19.372,19.76,23.006,25.952,28.47,30.814,32.282,NA,35.291,36.243,36.726,24.249,23.069,22.33,21.975,NA,19.538,19.431,19.549,21.551,24.013,27.579,29.673,31.009,32.282,35.291,35.913,36.356,23.591,22.873,22.33,21.975,19.538,19.431,19.546,20.789,22.53,25.726,28.891,29.863,31.009,34.607,35.913,36.047,23.362,22.873,22.33,20.637,19.431,19.546,20.587,21.598,24.246,27.195,29.089,29.863,32.36,35.576,36.047,21.115
9,26.133,24.764,23.584,23.05,NA,NA,20.675,20.164,20.104,21.752,23.855,25.881,27.915,29.362,NA,35.508,36.945,37.906,25.3,24.18,23.421,23.05,NA,20.675,20.346,20.137,21.013,22.47,25.164,26.925,28.109,29.362,35.508,36.446,37.168,24.659,23.978,23.421,23.05,20.675,20.346,20.261,20.716,21.645,23.782,26.28,27.103,28.109,34.111,36.446,36.687,24.432,23.978,23.421,21.746,20.346,20.261,20.71,21.208,22.869,24.975,26.461,27.103,30.442,35.788,36.687,21.53
76,25.377,24.103,23.06,22.357,NA,NA,19.94,19.338,18.925,20.006,22.782,25.743,28.174,29.734,NA,34.763,35.633,36.406,24.602,23.587,22.844,22.357,NA,19.94,19.553,19.151,19.522,20.955,24.695,26.99,28.382,29.734,34.763,35.331,35.812,24.026,23.367,22.844,22.357,19.94,19.553,19.333,19.458,20.247,22.795,26.106,27.191,28.382,33.62,35.331,35.508,23.79,23.367,22.844,21.03,19.553,19.333,19.536,19.979,21.835,24.349,26.319,27.191,30.394,34.811,35.508,20.537
78,24.289,23.253,22.289,21.673,NA,NA,19.429,19.039,19.338,19.958,21.96,26.309,29.959,32.02,NA,36.018,36.852,37.604,23.659,22.776,22.101,21.673,NA,19.429,19.178,19.175,19.68,20.643,24.771,28.182,30.234,32.02,36.018,36.563,37.026,23.147,22.578,22.101,21.673,19.429,19.178,19.234,19.456,20.188,22.822,26.875,28.462,30.234,35.109,36.563,36.734,22.939,22.578,22.101,20.441,19.178,19.234,19.452,19.849,21.958,24.883,27.177,28.462,32.058,36.141,36.734,20.254
79,24.686,23.557,22.526,22.077,NA,NA,19.733,19.225,19.449,20.937,24.903,28.065,30.312,31.305,NA,35.392,36.207,37.007,24,23.047,22.389,22.077,NA,19.733,19.406,19.327,20.27,22.293,26.946,29.218,30.444,31.305,35.392,35.924,36.393,23.449,22.873,22.389,22.077,19.733,19.406,19.421,19.905,21.301,24.511,28.311,29.37,30.444,34.463,35.924,36.103,23.255,22.873,22.389,20.79,19.406,19.421,19.877,20.689,23.255,26.186,28.486,29.37,32.004,35.495,36.103,20.638
60,23.141,22.383,21.504,20.722,NA,NA,18.697,18.22,18.933,21.475,25.044,27.844,29.945,30.936,NA,34.065,35.02,35.48,22.679,21.948,21.265,20.722,NA,18.697,18.39,18.544,20.336,22.694,26.853,28.922,30.077,30.936,34.065,34.689,35.127,22.24,21.728,21.265,20.722,18.697,18.39,18.58,19.596,21.383,24.674,28.107,29.069,30.077,33.354,34.689,34.82,22.026,21.728,21.265,19.61,18.39,18.58,19.451,20.45,23.25,26.196,28.273,29.069,31.335,34.34,34.82,20
83,28.325,26.849,25.609,24.865,NA,NA,22.213,21.682,21.318,22.831,25.309,27.772,30.153,31.64,NA,34.647,35.565,36.541,27.427,26.235,25.382,24.865,NA,22.213,21.871,21.516,22.152,23.677,26.901,28.994,30.351,31.64,34.647,35.247,35.792,26.748,25.99,25.382,24.865,22.213,21.871,21.678,21.988,22.854,25.251,28.22,29.187,30.351,33.964,35.247,35.461,26.482,25.99,25.382,23.409,21.871,21.678,22.025,22.509,24.276,26.667,28.42,29.187,31.706,34.912,35.461,23.041
87,26.28,24.692,23.892,23.318,NA,NA,20.736,20.391,20.118,21.315,23.441,26.359,29.45,31.139,NA,36.395,37.111,37.794,25.314,24.296,23.716,23.318,NA,20.736,20.514,20.267,20.778,22.041,25.327,27.945,29.676,31.139,36.395,36.862,37.269,24.783,24.121,23.716,23.318,20.736,20.514,20.376,20.643,21.371,23.701,26.999,28.179,29.676,35.201,36.862,37.015,24.576,24.121,23.716,21.9,20.514,20.376,20.658,21.082,22.812,25.361,27.242,28.179,31.795,36.33,37.015,21.584
98,28.69,26.784,25.978,25.531,NA,NA,22.818,22.397,22.024,22.431,24.365,27.144,30.482,32.311,NA,34.922,35.977,36.528,27.531,26.385,25.842,25.531,NA,22.818,22.546,22.227,22.248,23.092,26.161,28.857,30.726,32.311,34.922,35.611,36.105,26.95,26.232,25.842,25.531,22.818,22.546,22.364,22.3,22.72,24.65,27.913,29.109,30.726,34.329,35.611,35.763,26.75,26.232,25.842,24.041,22.546,22.364,22.384,22.624,23.999,26.334,28.171,29.109,32.05,35.305,35.763,23.431
99,28.207,26.425,25.821,25.394,NA,NA,22.217,21.782,21.406,21.888,23.667,25.805,28.583,30.577,NA,34.47,35.307,35.942,27.123,26.126,25.691,25.394,NA,22.217,21.937,21.611,21.672,22.496,25.049,27.23,28.849,30.577,34.47,35.016,35.455,26.637,25.995,25.691,25.394,22.217,21.937,21.751,21.71,22.116,23.768,26.482,27.475,28.849,33.585,35.016,35.169,26.461,25.995,25.691,23.65,21.937,21.751,21.792,22.017,23.182,25.159,26.722,27.475,30.621,34.604,35.169,22.973
101,27.364,26.132,24.939,24.363,NA,NA,21.499,21.042,20.476,21.378,24.421,27.82,30.27,31.5,NA,35.259,36.563,37.053,26.614,25.541,24.763,24.363,NA,21.499,21.205,20.785,20.974,22.419,26.617,29.077,30.434,31.5,35.259,36.11,36.678,25.988,25.331,24.763,24.363,21.499,21.205,20.95,20.998,21.741,24.495,28.098,29.254,30.434,34.404,36.11,36.266,25.759,25.331,24.763,22.79,21.205,20.95,21.079,21.535,23.498,26.162,28.298,29.254,31.955,35.682,36.266,22.194
29,29.168,27.561,26.535,25.691,NA,NA,23.218,22.692,22.213,22.28,24.235,26.595,29.474,31.13,NA,34.949,36.108,36.898,28.19,27.053,26.277,25.691,NA,23.218,22.88,22.474,22.25,22.948,25.76,28.072,29.695,31.13,34.949,35.705,36.291,27.572,26.809,26.277,25.691,23.218,22.88,22.647,22.404,22.692,24.35,27.266,28.296,29.695,34.081,35.705,35.902,27.306,26.809,26.277,24.333,22.88,22.647,22.536,22.692,23.82,25.83,27.493,28.296,31.352,35.28,35.902,23.669
50,25.351,23.816,22.573,21.941,NA,NA,19.638,19.307,20.008,22.535,25.253,27.798,30.107,31.546,NA,35.597,36.582,37.166,24.417,23.201,22.38,21.941,NA,19.638,19.425,19.626,21.402,23.463,26.898,28.983,30.299,31.546,35.597,36.24,36.718,23.728,22.976,22.38,21.941,19.638,19.425,19.629,20.669,22.258,25.13,28.199,29.17,30.299,34.676,36.24,36.393,23.476,22.976,22.38,20.677,19.425,19.629,20.503,21.388,23.859,26.567,28.396,29.17,31.97,35.804,36.393,21.071
12,26.609,25.158,24.329,23.652,NA,NA,21.55,20.98,20.826,21.069,22.408,23.779,25.818,26.924,NA,30.573,31.568,32.1,25.727,24.747,24.122,23.652,NA,21.55,21.183,20.91,20.96,21.527,23.293,24.825,25.966,26.924,30.573,31.222,31.691,25.205,24.551,24.122,23.652,21.55,21.183,21.058,20.967,21.282,22.392,24.317,24.979,25.966,29.744,31.222,31.367,24.985,24.551,24.122,22.497,21.183,21.058,21.061,21.193,22.004,23.382,24.47,24.979,27.419,30.823,31.367,21.988
35,23.357,22.622,21.537,20.858,NA,NA,19.248,19.179,19.649,20.79,22.869,25.469,27.498,28.781,NA,34.001,34.553,35.755,22.91,22.085,21.329,20.858,NA,19.248,19.204,19.393,20.278,21.501,24.549,26.51,27.67,28.781,34.001,34.362,34.832,22.397,21.865,21.329,20.858,19.248,19.204,19.359,19.894,20.855,23.026,25.745,26.676,27.67,32.815,34.362,34.592,22.179,21.865,21.329,19.974,19.204,19.359,19.79,20.361,22.189,24.318,25.923,26.676,29.666,33.843,34.592,20.256
28,22.932,22.639,21.752,21.427,NA,NA,17.978,17.546,18.801,21.311,24.826,27.205,29.774,31.166,NA,35.497,36.278,37.256,22.753,22.2,21.652,21.427,NA,17.978,17.7,18.117,20.186,22.511,26.363,28.523,29.959,31.166,35.497,36.007,36.505,22.379,22.061,21.652,21.427,17.978,17.7,18.085,19.263,21.217,24.315,27.747,28.716,29.959,34.513,36.007,36.213,22.244,22.061,21.652,19.533,17.7,18.085,19.055,20.134,22.947,25.891,27.947,28.716,31.706,35.557,36.213,19.841
11,25.252,24.087,22.926,22.404,NA,NA,20.158,19.737,19.45,20.188,22.798,26.48,29.97,31.314,NA,35.92,36.986,37.683,24.544,23.513,22.767,22.404,NA,20.158,19.887,19.607,19.857,21.081,25.178,28.271,30.149,31.314,35.92,36.616,37.148,23.939,23.314,22.767,22.404,20.158,19.887,19.735,19.816,20.512,23.156,27.121,28.493,30.149,34.874,36.616,36.792,23.722,23.314,22.767,21.171,19.887,19.735,19.871,20.284,22.237,25.124,27.367,28.493,31.969,36.123,36.792,20.748
77,27.236,25.839,24.624,24.269,NA,NA,21.277,20.816,20.577,21.427,24.196,27.584,30.115,31.102,NA,34.719,36.338,37.211,26.386,25.238,24.516,24.269,NA,21.277,20.98,20.707,21.046,22.374,26.385,28.883,30.247,31.102,34.719,35.777,36.541,25.728,25.065,24.516,24.269,21.277,20.98,20.839,20.966,21.747,24.377,27.898,29.045,30.247,33.897,35.777,36.013,25.522,25.065,24.516,22.626,20.98,20.839,21.016,21.472,23.434,26.034,28.086,29.045,31.657,35.343,36.013,22.076
40,27.083,25.984,25.369,24.806,NA,NA,21.793,21.633,21.558,23.084,26.24,28.165,30.608,32.03,NA,35.299,36.074,36.652,26.415,25.68,25.197,24.806,NA,21.793,21.691,21.599,22.4,24.161,27.484,29.419,30.798,32.03,35.299,35.806,36.209,26.024,25.523,25.197,24.806,21.793,21.691,21.644,22.132,23.253,25.7,28.751,29.609,30.798,34.556,35.806,35.945,25.852,25.523,25.197,23.151,21.691,21.644,22.077,22.775,24.673,27.117,28.943,29.609,32.217,35.455,35.945,23.022
3,25.51,24.819,24.576,23.49,NA,NA,20.455,20.122,20.759,23.648,26.606,28.681,30.684,31.871,NA,35.479,36.146,36.835,25.09,24.699,24.244,23.49,NA,20.455,20.241,20.412,22.353,24.658,27.947,29.709,30.842,31.871,35.479,35.915,36.306,24.898,24.483,24.244,23.49,20.455,20.241,20.422,21.573,23.298,26.204,29.057,29.867,30.842,34.659,35.915,36.067,24.699,24.483,24.244,21.823,20.241,20.422,21.393,22.361,24.853,27.498,29.222,29.867,32.304,35.539,36.067,22.256
15,21.887,21.156,20.359,19.891,NA,NA,18.813,18.748,19.048,19.64,21.507,23.939,27.991,29.379,NA,33.661,34.158,35.175,21.442,20.761,20.216,19.891,NA,18.813,18.772,18.885,19.375,20.279,23.079,26.019,28.176,29.379,33.661,33.986,34.394,21.037,20.606,20.216,19.891,18.813,18.772,18.868,19.156,19.85,21.686,25.071,26.264,28.176,32.688,33.986,34.182,20.875,20.606,20.216,19.299,18.772,18.868,19.101,19.525,21.032,23.507,25.323,26.264,29.906,33.558,34.182,19.438
74,23.674,23.143,22.161,21.64,NA,NA,19.491,18.677,19.406,22.135,25.261,27.873,29.848,31.249,NA,34.165,34.754,34.752,23.35,22.656,22.001,21.64,NA,19.491,18.966,19.009,20.912,23.203,26.949,28.886,30.035,31.249,34.165,34.549,34.753,22.905,22.474,22.001,21.64,19.491,18.966,19.12,20.131,21.879,24.998,28.124,29.059,30.035,33.502,34.549,34.582,22.726,22.474,22.001,20.46,18.966,19.12,20.027,20.935,23.611,26.399,28.308,29.059,31.337,34.242,34.582,20.625
47,24.365,23.687,22.592,22.095,NA,NA,19.871,19.09,19.585,21.912,24.949,27.541,29.354,30.797,NA,33.967,34.619,34.796,23.952,23.144,22.44,22.095,NA,19.871,19.368,19.315,20.869,22.95,26.624,28.471,29.547,30.797,33.967,34.392,34.66,23.443,22.956,22.44,22.095,19.871,19.368,19.444,20.247,21.776,24.715,27.731,28.641,29.547,33.246,34.392,34.459,23.253,22.956,22.44,20.874,19.368,19.444,20.186,20.984,23.442,26.054,27.911,28.641,30.94,34.058,34.459,20.869
54,25.507,24.449,23.411,22.718,NA,NA,20.586,20.234,19.878,20.417,21.966,23.959,26.058,27.058,NA,31.076,31.792,32.321,24.863,23.935,23.199,22.718,NA,20.586,20.36,20.072,20.175,20.947,23.254,25.036,26.192,27.058,31.076,31.543,31.914,24.321,23.717,23.199,22.718,20.586,20.36,20.191,20.196,20.574,22.105,24.391,25.184,26.192,30.163,31.543,31.671,24.094,23.717,23.199,21.547,20.36,20.191,20.259,20.474,21.552,23.247,24.548,25.184,27.732,31.126,31.671,21.149
